{
    "num_trials": 1,
    "accuracy": [
        0.96
    ],
    "precision": [
        0.962962962962963
    ],
    "recall": [
        0.96
    ],
    "f1score": [
        0.9599358974358975
    ],
    "accuracy_mean": 0.96,
    "accuracy_std": 0.0,
    "precision_mean": 0.962962962962963,
    "recall_mean": 0.96,
    "f1score_mean": 0.9599358974358975
}