{
  "train_losses": [
    1.7889909933913837,
    0.6968974051150408,
    0.6880191334269263,
    0.6955552602356131,
    0.6861493980342691,
    0.683109007098458,
    0.6847316189245745,
    0.683255985379219,
    0.679853000424125,
    0.6757154844023965,
    0.6699941889806227,
    0.6670407652854919,
    0.6717333197593689,
    0.6951947036114606,
    0.6933365911245346,
    0.6928919418291613,
    0.6928772845051505,
    0.6939374059438705,
    0.6941290443593805,
    0.6934676183895632,
    0.6933858828111128,
    0.6933427493680607,
    0.6933176815509796,
    0.693329247561368,
    0.693325864997777,
    0.6931683908809315,
    0.6917505088177595,
    0.6871151761575178,
    0.6935591711239382,
    0.6932862997055054,
    0.6932315040718425,
    0.6932046575979753,
    0.6932764419100501,
    0.6932467764074152,
    0.6932271095839414,
    0.693178189071742,
    0.6931795396588065,
    0.6932314417578957,
    0.6931427121162415,
    0.6931658197533,
    0.6931489340283654,
    0.6931517056443475,
    0.6931908306750384,
    0.6931740289384668,
    0.6931279572573575,
    0.6931563995101235,
    0.69313399087299,
    0.6931366581808437,
    0.6931671581485055,
    0.6931392415003343
  ],
  "test_accuracies": [
    50.333333333333336,
    54.0,
    53.666666666666664,
    55.0,
    54.333333333333336,
    57.0,
    62.333333333333336,
    54.666666666666664,
    66.0,
    53.666666666666664,
    54.0,
    58.0,
    60.666666666666664,
    55.666666666666664,
    57.666666666666664,
    50.0,
    50.333333333333336,
    50.0,
    50.333333333333336,
    50.333333333333336,
    50.333333333333336,
    50.0,
    50.0,
    50.333333333333336,
    49.666666666666664,
    50.666666666666664,
    50.0,
    50.333333333333336,
    50.333333333333336,
    50.333333333333336,
    50.333333333333336,
    50.0,
    50.0,
    50.333333333333336,
    50.333333333333336,
    50.333333333333336,
    50.333333333333336,
    50.333333333333336,
    50.333333333333336,
    50.0,
    50.0,
    50.333333333333336,
    50.333333333333336,
    50.0,
    50.0,
    50.0,
    50.333333333333336,
    50.333333333333336,
    50.333333333333336,
    50.333333333333336
  ],
  "best_accuracy": 66.0,
  "best_epoch": 9,
  "final_loss": 0.6931392415003343,
  "final_accuracy": 50.333333333333336
}