{
  "train_losses": [
    0.23686407318084754,
    0.026479385727064007,
    0.027995674275437275,
    0.03080551307489672,
    0.004815245081193676,
    0.007042756806185935,
    0.0009030087415918719,
    0.0003502935059548856,
    0.00033727791884013476,
    0.00019890795412762103,
    0.0002903126406863521,
    0.00024501780537568925,
    0.000234335567057542,
    0.00021954597610312538,
    0.00021302380498414405
  ],
  "test_accuracies": [
    0.9933333333333333,
    0.9966666666666667,
    0.9933333333333333,
    0.99,
    0.99,
    0.9933333333333333,
    0.9933333333333333,
    0.9933333333333333,
    0.9966666666666667,
    0.9966666666666667,
    0.9966666666666667,
    0.9933333333333333,
    0.9933333333333333,
    0.9966666666666667,
    0.9966666666666667
  ],
  "best_accuracy": 0.9966666666666667,
  "best_epoch": 2,
  "final_loss": 0.00021302380498414405,
  "final_accuracy": 0.9966666666666667
}