{
  "train_losses": [
    0.3207078353840519,
    0.08938971644436772,
    0.08940782607533038,
    0.08099737564440478,
    0.06843418660785326,
    0.053426129452418536,
    0.04834923405062661,
    0.04425718083935366,
    0.03844301782770675,
    0.039722753994283266,
    0.030261872283352368,
    0.0427944433190119,
    0.03678923310442108,
    0.020294452042435296,
    0.05084035284777532
  ],
  "test_accuracies": [
    0.9533333333333334,
    0.9566666666666667,
    0.9633333333333334,
    0.9666666666666667,
    0.9733333333333334,
    0.9833333333333333,
    0.9766666666666667,
    0.98,
    0.97,
    0.9866666666666667,
    0.9733333333333334,
    0.97,
    0.9766666666666667,
    0.98,
    0.9733333333333334
  ],
  "best_accuracy": 0.9866666666666667,
  "best_epoch": 10,
  "final_loss": 0.05084035284777532,
  "final_accuracy": 0.9733333333333334
}