{
  "train_losses": [
    0.19968769304581324,
    0.08507373721063645,
    0.07663401096678255,
    0.0533445163375952,
    0.03814909425008492,
    0.06912368565099314,
    0.04710587245327505,
    0.04051634657199346,
    0.04274512373376638,
    0.043577148714658426,
    0.025487961980450728,
    0.07763072648892623,
    0.04362050119115421,
    0.028857130612860517,
    0.03252087720433006
  ],
  "test_accuracies": [
    0.9533333333333334,
    0.9833333333333333,
    0.9733333333333334,
    0.99,
    0.9833333333333333,
    0.9866666666666667,
    0.99,
    0.9733333333333334,
    0.99,
    0.9933333333333333,
    0.99,
    0.99,
    0.9833333333333333,
    0.99,
    0.99
  ],
  "best_accuracy": 0.9933333333333333,
  "best_epoch": 10,
  "final_loss": 0.03252087720433006,
  "final_accuracy": 0.99
}