{
  "train_losses": [
    0.4541790173812346,
    0.27918729186058044,
    0.23382796042344786,
    0.20600579204884442,
    0.17928707498041066,
    0.16532470590688966,
    0.1555590746416287,
    0.14844357171519237,
    0.14327868294309487,
    0.13963339156047863,
    0.13730170696296476,
    0.13601906766945665,
    0.13550958630036225,
    0.1350548155605793,
    0.1351039812646129
  ],
  "test_accuracies": [
    0.9966666666666667,
    0.9966666666666667,
    1.0,
    1.0,
    1.0,
    1.0,
    1.0,
    1.0,
    1.0,
    1.0,
    1.0,
    1.0,
    1.0,
    1.0,
    1.0
  ],
  "best_accuracy": 1.0,
  "best_epoch": 3,
  "final_loss": 0.1351039812646129,
  "final_accuracy": 1.0
}