{
    "num_trials": 1,
    "accuracy": [
        0.9066666666666666
    ],
    "precision": [
        0.9073183760683761
    ],
    "recall": [
        0.9066666666666666
    ],
    "f1score": [
        0.9066293183940244
    ],
    "accuracy_mean": 0.9066666666666666,
    "accuracy_std": 0.0,
    "precision_mean": 0.9073183760683761,
    "recall_mean": 0.9066666666666666,
    "f1score_mean": 0.9066293183940244
}