{
  "train_losses": [
    0.22080833759074184,
    0.022220083683681547,
    0.006009649523961839,
    0.014149685164986957,
    0.008956250392409194,
    0.004794069612340867,
    0.0005056536893396861,
    0.00018299165155481617,
    0.0002014714706733271,
    0.0001785584023640364,
    0.00018245205480773373,
    0.00019988057549240196,
    0.00015879198429047392,
    0.00012987964314768098,
    0.0001697576458354888
  ],
  "test_accuracies": [
    0.9833333333333333,
    0.9966666666666667,
    0.9966666666666667,
    0.9933333333333333,
    0.9966666666666667,
    0.9966666666666667,
    0.9966666666666667,
    0.9966666666666667,
    0.9966666666666667,
    0.9966666666666667,
    0.9966666666666667,
    0.9966666666666667,
    0.9966666666666667,
    0.9966666666666667,
    0.9966666666666667
  ],
  "best_accuracy": 0.9966666666666667,
  "best_epoch": 2,
  "final_loss": 0.0001697576458354888,
  "final_accuracy": 0.9966666666666667
}