{
    "num_trials": 5,
    "accuracy": [
        0.9833333333333333,
        0.98,
        0.9866666666666667,
        0.9733333333333334,
        0.98
    ],
    "precision": [
        0.9838709677419354,
        0.9807692307692307,
        0.987012987012987,
        0.9746835443037974,
        0.9803415762319873
    ],
    "recall": [
        0.9833333333333333,
        0.98,
        0.9866666666666667,
        0.9733333333333334,
        0.98
    ],
    "f1score": [
        0.9833287024173382,
        0.9799919967987194,
        0.9866642958748222,
        0.9733143568760007,
        0.9799964438122334
    ],
    "accuracy_mean": 0.9806666666666668,
    "accuracy_std": 0.004422166387140518,
    "precision_mean": 0.9813356612119876,
    "recall_mean": 0.9806666666666668,
    "f1score_mean": 0.9806591591558227
}