{
  "train_losses": [
    0.33553050984152255,
    0.05549752081093506,
    0.015407536997703242,
    0.009419892118206586,
    0.004297552243521998,
    0.00971290445316051,
    0.0075241438960140595,
    0.006633600042650042,
    0.010561281134042392,
    0.003990164930761673,
    0.001065352136498115,
    0.00020968235783543193,
    0.00017407581389699607,
    0.00016789993218356938,
    0.00013936704605880962
  ],
  "test_accuracies": [
    0.9466666666666667,
    0.9933333333333333,
    0.9966666666666667,
    0.9866666666666667,
    0.98,
    0.99,
    0.99,
    0.9933333333333333,
    0.99,
    0.9933333333333333,
    1.0,
    1.0,
    1.0,
    1.0,
    1.0
  ],
  "best_accuracy": 1.0,
  "best_epoch": 11,
  "final_loss": 0.00013936704605880962,
  "final_accuracy": 1.0
}