{
  "train_losses": [
    2.166273373094472,
    0.6905703233046965,
    0.6956157995895906,
    0.6901370381767099,
    0.6888262372125279,
    0.692742339589379,
    0.7051348699764772,
    0.6887728382240642,
    0.6897396133704619,
    0.6815047399564222
  ],
  "test_accuracies": [
    0.55,
    0.5,
    0.53,
    0.5266666666666666,
    0.5633333333333334,
    0.5,
    0.5733333333333334,
    0.5666666666666667,
    0.52,
    0.5766666666666667
  ],
  "best_accuracy": 0.5766666666666667,
  "best_epoch": 10,
  "final_loss": 0.6815047399564222,
  "final_accuracy": 0.5766666666666667
}