{
  "train_losses": [
    0.5104562220248309,
    0.33162893625822937,
    0.29461404139345343,
    0.2582357789982449,
    0.23251195082610304,
    0.22025100988420573,
    0.21028613671660423,
    0.20254735547033223,
    0.19564003361897034,
    0.18993067639795216,
    0.18277151781049641,
    0.1709652343256907,
    0.15588461709293452,
    0.14456205171617595,
    0.13546105931428346
  ],
  "test_accuracies": [
    1.0,
    1.0,
    0.9966666666666667,
    1.0,
    1.0,
    1.0,
    1.0,
    1.0,
    1.0,
    1.0,
    1.0,
    1.0,
    1.0,
    1.0,
    1.0
  ],
  "best_accuracy": 1.0,
  "best_epoch": 1,
  "final_loss": 0.13546105931428346,
  "final_accuracy": 1.0
}