{
  "train_losses": [
    0.08280447127772109,
    0.03420155389709511,
    0.009186728603222864,
    0.014200525676358211,
    0.017283444850280914,
    0.006961746446408638,
    0.005943667140214034,
    0.005770494100157852,
    0.0018693498379269097,
    0.006743505125102315,
    0.028053136463437444,
    0.010303517339764312,
    0.0054537222018663815,
    0.002608480566868304,
    0.003959493972181669
  ],
  "test_accuracies": [
    0.9933333333333333,
    1.0,
    0.9833333333333333,
    1.0,
    1.0,
    1.0,
    1.0,
    1.0,
    0.9966666666666667,
    0.9966666666666667,
    0.99,
    0.9966666666666667,
    0.9966666666666667,
    0.9966666666666667,
    0.9966666666666667
  ],
  "best_accuracy": 1.0,
  "best_epoch": 2,
  "final_loss": 0.003959493972181669,
  "final_accuracy": 0.9966666666666667
}