{
    "num_trials": 1,
    "accuracy": [
        0.8966666666666666
    ],
    "precision": [
        0.8971078976640714
    ],
    "recall": [
        0.8966666666666666
    ],
    "f1score": [
        0.8966379549874967
    ],
    "accuracy_mean": 0.8966666666666666,
    "accuracy_std": 0.0,
    "precision_mean": 0.8971078976640714,
    "recall_mean": 0.8966666666666666,
    "f1score_mean": 0.8966379549874967
}