model,class_a,class_b,trial,seed,accuracy,precision,recall,f1score,duration_seconds
QuantumCNN,2,6,1,1302,0.8966666666666666,0.8971078976640714,0.8966666666666666,0.8966379549874967,32.879205
