{
  "train_losses": [
    0.6199509298259561,
    0.5645186142487959,
    0.5545245788314126,
    0.5505194054408507,
    0.5475873757492412,
    0.5446485700932416,
    0.541886484081095,
    0.539957885037769,
    0.5386288911104202,
    0.537066937847571,
    0.5363266711885278,
    0.5352914103052833,
    0.5343843617222526,
    0.5345134247433055,
    0.5339432738044045
  ],
  "test_accuracies": [
    0.9333333333333333,
    0.9366666666666666,
    0.93,
    0.92,
    0.9366666666666666,
    0.9433333333333334,
    0.9433333333333334,
    0.9466666666666667,
    0.9433333333333334,
    0.9533333333333334,
    0.9466666666666667,
    0.9466666666666667,
    0.9533333333333334,
    0.9466666666666667,
    0.9433333333333334
  ],
  "best_accuracy": 0.9533333333333334,
  "best_epoch": 10,
  "final_loss": 0.5339432738044045,
  "final_accuracy": 0.9433333333333334
}