{
    "num_trials": 5,
    "accuracy": [
        0.5766666666666667,
        0.5833333333333334,
        0.6,
        0.5766666666666667,
        0.57
    ],
    "precision": [
        0.5779167984100456,
        0.5857142857142857,
        0.6206046312178388,
        0.5822250822250823,
        0.5756520486094433
    ],
    "recall": [
        0.5766666666666667,
        0.5833333333333334,
        0.6,
        0.5766666666666667,
        0.57
    ],
    "f1score": [
        0.5749617911846405,
        0.5804195804195804,
        0.5821533033102744,
        0.5693893466246228,
        0.5618156908479489
    ],
    "accuracy_mean": 0.5813333333333334,
    "accuracy_std": 0.010241527663824817,
    "precision_mean": 0.5884225692353391,
    "recall_mean": 0.5813333333333334,
    "f1score_mean": 0.5737479424774133
}