{
  "train_losses": [
    0.6598351408134807,
    0.629637134346095,
    0.6192674840038473,
    0.6136919124559923,
    0.6093621199781244,
    0.6069749620827761,
    0.6047322465614839,
    0.602493557063016,
    0.6007600846615705,
    0.599593619054014,
    0.5981821634552695,
    0.5975112048062411,
    0.5971745618365027,
    0.59624321623282,
    0.5958998921242628
  ],
  "test_accuracies": [
    0.8666666666666667,
    0.8766666666666667,
    0.8233333333333334,
    0.81,
    0.81,
    0.8366666666666667,
    0.84,
    0.8233333333333334,
    0.8366666666666667,
    0.8266666666666667,
    0.85,
    0.8733333333333333,
    0.8433333333333334,
    0.84,
    0.8633333333333333
  ],
  "best_accuracy": 0.8766666666666667,
  "best_epoch": 2,
  "final_loss": 0.5958998921242628,
  "final_accuracy": 0.8633333333333333
}