{
  "train_losses": [
    0.3901886178725611,
    0.10027607625339773,
    0.05863542632273906,
    0.050721860035661266,
    0.02632674979527523,
    0.02867390859385275,
    0.03496205177560279,
    0.019775563549377363,
    0.017492994413590746,
    0.025621532392258152,
    0.02024315695052792,
    0.02399802506591765,
    0.007220455658253658,
    0.00987185879917392,
    0.0020932892790287124
  ],
  "test_accuracies": [
    0.9666666666666667,
    0.9866666666666667,
    0.9833333333333333,
    0.9933333333333333,
    0.9933333333333333,
    0.98,
    0.99,
    0.9933333333333333,
    0.9933333333333333,
    0.9833333333333333,
    0.9833333333333333,
    0.9866666666666667,
    0.99,
    0.99,
    0.9933333333333333
  ],
  "best_accuracy": 0.9933333333333333,
  "best_epoch": 4,
  "final_loss": 0.0020932892790287124,
  "final_accuracy": 0.9933333333333333
}