model,class_a,class_b,trial,seed,accuracy,precision,recall,f1score,duration_seconds
QuantumNN,3,8,1,1422,0.8733333333333333,0.8733997155049789,0.8733333333333333,0.8733277034534869,34.923956
