{
    "num_trials": 5,
    "accuracy": [
        0.9533333333333334,
        0.95,
        0.9366666666666666,
        0.9366666666666666,
        0.9066666666666666
    ],
    "precision": [
        0.9533333333333334,
        0.9505005561735261,
        0.9376197051356288,
        0.9376197051356288,
        0.9092860976918947
    ],
    "recall": [
        0.9533333333333334,
        0.95,
        0.9366666666666666,
        0.9366666666666666,
        0.9066666666666666
    ],
    "f1score": [
        0.9533333333333334,
        0.9499861072520145,
        0.9366321664017077,
        0.9366321664017077,
        0.9065170940170939
    ],
    "accuracy_mean": 0.9366666666666665,
    "accuracy_std": 0.016465452046971307,
    "precision_mean": 0.9376718794940023,
    "recall_mean": 0.9366666666666665,
    "f1score_mean": 0.9366201734811714
}