{
  "train_losses": [
    0.18829076250337742,
    0.04408301143187352,
    0.021953433078703132,
    0.030419363007901913,
    0.01028762214826367,
    0.006580475333893529,
    0.005677903717944652,
    0.011085439517625095,
    0.02668939712616107,
    0.024011386928908574,
    0.011564798077746342,
    0.0005478988641698379,
    0.0005734238018869127,
    0.000294775367323878,
    0.0002795727338542003
  ],
  "test_accuracies": [
    0.98,
    0.9833333333333333,
    0.9933333333333333,
    0.99,
    0.9866666666666667,
    0.9833333333333333,
    0.9933333333333333,
    0.9933333333333333,
    0.97,
    0.9866666666666667,
    0.9866666666666667,
    0.9933333333333333,
    0.9933333333333333,
    0.9966666666666667,
    0.9933333333333333
  ],
  "best_accuracy": 0.9966666666666667,
  "best_epoch": 14,
  "final_loss": 0.0002795727338542003,
  "final_accuracy": 0.9933333333333333
}