{
  "train_losses": [
    0.14237860186999154,
    0.0819548528577963,
    0.03982124142401682,
    0.047838901399782946,
    0.029312708158448168,
    0.029910078446846455,
    0.05106723660455001,
    0.030176602286784062,
    0.02846789415740535,
    0.029220243769073437,
    0.012628434074940742,
    0.009878526607777034,
    0.016289520623930995,
    0.01476774812776553,
    0.006535140453706845
  ],
  "test_accuracies": [
    0.98,
    0.9666666666666667,
    0.9866666666666667,
    0.9866666666666667,
    0.9833333333333333,
    0.9933333333333333,
    0.9933333333333333,
    0.9833333333333333,
    0.9766666666666667,
    0.99,
    0.9866666666666667,
    0.9866666666666667,
    0.99,
    0.9833333333333333,
    0.9866666666666667
  ],
  "best_accuracy": 0.9933333333333333,
  "best_epoch": 6,
  "final_loss": 0.006535140453706845,
  "final_accuracy": 0.9866666666666667
}