model,class_a,class_b,trial,seed,accuracy,precision,recall,f1score,duration_seconds
ClassicalCNN,2,7,1,312,0.9833333333333333,0.9835267440309456,0.9833333333333333,0.9833316664999833,1.947336
