{
  "train_losses": [
    0.6932818591594696,
    0.6897177642041986,
    0.6894829164851796,
    0.6870682510462675,
    0.6855343553152952,
    0.6850327104330063,
    0.685628204183145,
    0.6846658519723199,
    0.684209480881691,
    0.6840461221608248,
    0.6828322139653292,
    0.6822543157772585,
    0.6818812056021257,
    0.6827142888849432,
    0.682049422101541
  ],
  "test_accuracies": [
    0.5466666666666666,
    0.5333333333333333,
    0.53,
    0.53,
    0.5233333333333333,
    0.5466666666666666,
    0.5433333333333333,
    0.5566666666666666,
    0.5366666666666666,
    0.5366666666666666,
    0.5366666666666666,
    0.5466666666666666,
    0.5466666666666666,
    0.5433333333333333,
    0.55
  ],
  "best_accuracy": 0.5566666666666666,
  "best_epoch": 8,
  "final_loss": 0.682049422101541,
  "final_accuracy": 0.55
}