{
  "train_losses": [
    0.21409153993323005,
    0.015456882813437297,
    5.799312636027439e-05,
    8.144571013572617e-08,
    5.943974925138772e-07,
    2.3306715445975906e-07,
    9.664132350938426e-07,
    5.464441332001726e-07,
    1.3713170165468631e-06,
    4.706163435725335e-06
  ],
  "test_accuracies": [
    1.0,
    1.0,
    1.0,
    1.0,
    1.0,
    1.0,
    1.0,
    1.0,
    1.0,
    1.0
  ],
  "best_accuracy": 1.0,
  "best_epoch": 1,
  "final_loss": 4.706163435725335e-06,
  "final_accuracy": 1.0
}