{
    "num_trials": 5,
    "accuracy": [
        0.6333333333333333,
        0.6433333333333333,
        0.6166666666666667,
        0.5866666666666667,
        0.5966666666666667
    ],
    "precision": [
        0.6335470085470085,
        0.6436461627544429,
        0.6528740317977986,
        0.6291048728813559,
        0.5967053488061892
    ],
    "recall": [
        0.6333333333333333,
        0.6433333333333333,
        0.6166666666666667,
        0.5866666666666667,
        0.5966666666666667
    ],
    "f1score": [
        0.6331866079765239,
        0.6431390423675112,
        0.5925405392637384,
        0.5496586121737447,
        0.5966263292995967
    ],
    "accuracy_mean": 0.6153333333333333,
    "accuracy_std": 0.02135415650406261,
    "precision_mean": 0.631175484957359,
    "recall_mean": 0.6153333333333333,
    "f1score_mean": 0.6030302262162229
}