{
  "train_losses": [
    0.19625920109683648,
    0.031568836620532566,
    0.007538905015694168,
    0.00480050809065605,
    0.007939881099942299,
    0.0037945992656163567,
    0.0006458087380410275,
    0.0001675522229644147,
    0.00015605725405976045,
    0.0001384634475181718,
    0.00015980678930366759,
    0.00012000247629502651,
    0.0001519047984185239,
    0.00013142500473474104,
    0.0001426298092300468
  ],
  "test_accuracies": [
    0.94,
    0.9933333333333333,
    0.9933333333333333,
    0.9933333333333333,
    0.99,
    0.9933333333333333,
    0.99,
    0.9933333333333333,
    0.9933333333333333,
    0.9933333333333333,
    0.9933333333333333,
    0.9933333333333333,
    0.9933333333333333,
    0.9933333333333333,
    0.9933333333333333
  ],
  "best_accuracy": 0.9933333333333333,
  "best_epoch": 2,
  "final_loss": 0.0001426298092300468,
  "final_accuracy": 0.9933333333333333
}