{
  "train_losses": [
    0.5623769076033072,
    0.4162686054002155,
    0.3495311676101251,
    0.29076244140213187,
    0.256036389619112,
    0.24604829434644093,
    0.2435501062057235,
    0.2421644265678796,
    0.24209684912454,
    0.24091120978648012,
    0.24025266482071442,
    0.23995166271924973,
    0.24007041041146626,
    0.23893644931641492,
    0.24019058895382014
  ],
  "test_accuracies": [
    0.98,
    0.9866666666666667,
    0.9966666666666667,
    0.99,
    0.9866666666666667,
    0.9866666666666667,
    0.99,
    0.99,
    0.99,
    0.99,
    0.99,
    0.9866666666666667,
    0.9866666666666667,
    0.9866666666666667,
    0.9866666666666667
  ],
  "best_accuracy": 0.9966666666666667,
  "best_epoch": 3,
  "final_loss": 0.24019058895382014,
  "final_accuracy": 0.9866666666666667
}