{
    "num_trials": 5,
    "accuracy": [
        0.5233333333333333,
        0.5866666666666667,
        0.5166666666666667,
        0.55,
        0.56
    ],
    "precision": [
        0.5233592880978866,
        0.5885719476744187,
        0.5167567809106752,
        0.5525430853299705,
        0.5625
    ],
    "recall": [
        0.5233333333333333,
        0.5866666666666667,
        0.5166666666666667,
        0.55,
        0.56
    ],
    "f1score": [
        0.523200889135871,
        0.5844318334152554,
        0.5160159770357925,
        0.5444883085332524,
        0.5555555555555555
    ],
    "accuracy_mean": 0.5473333333333333,
    "accuracy_std": 0.025420901286583492,
    "precision_mean": 0.5487462204025901,
    "recall_mean": 0.5473333333333333,
    "f1score_mean": 0.5447385127351453
}