{
  "train_losses": [
    0.7227674167264592,
    0.6946426101706245,
    0.6887204321947965,
    0.6858060319315303,
    0.6841639063575051,
    0.6837112415920604,
    0.6828387162902139,
    0.6829198246652429,
    0.6820951131257144,
    0.6831229044632479,
    0.6824150031263178,
    0.6812743991613388,
    0.679485330527479,
    0.6794251257723029,
    0.6798006756739183
  ],
  "test_accuracies": [
    0.5066666666666667,
    0.5566666666666666,
    0.5733333333333334,
    0.5766666666666667,
    0.5833333333333334,
    0.5833333333333334,
    0.5666666666666667,
    0.5566666666666666,
    0.53,
    0.52,
    0.5566666666666666,
    0.5766666666666667,
    0.5433333333333333,
    0.55,
    0.5633333333333334
  ],
  "best_accuracy": 0.5833333333333334,
  "best_epoch": 5,
  "final_loss": 0.6798006756739183,
  "final_accuracy": 0.5633333333333334
}