{
    "num_trials": 3,
    "accuracy": [
        0.5733333333333334,
        0.5,
        0.5266666666666666
    ],
    "precision": [
        0.573346372688478,
        0.25,
        0.706896551724138
    ],
    "recall": [
        0.5733333333333334,
        0.5,
        0.5266666666666666
    ],
    "f1score": [
        0.5733143695275345,
        0.3333333333333333,
        0.39488636363636365
    ],
    "accuracy_mean": 0.5333333333333333,
    "accuracy_std": 0.030307070437746365,
    "precision_mean": 0.5100809748042053,
    "recall_mean": 0.5333333333333333,
    "f1score_mean": 0.4338446888324105
}