{
  "train_losses": [
    0.6379024928266351,
    0.5890180021524429,
    0.57572617855939,
    0.5687928050756454,
    0.5659135363318704,
    0.5634549693627791,
    0.5615515221248973,
    0.5586410693146966,
    0.5552854578603398,
    0.5535789335315878,
    0.5525000583041798,
    0.5511323010379617,
    0.5495311970060522,
    0.5485661720687692,
    0.546416928822344
  ],
  "test_accuracies": [
    0.9166666666666666,
    0.95,
    0.9633333333333334,
    0.96,
    0.96,
    0.9633333333333334,
    0.9566666666666667,
    0.9533333333333334,
    0.97,
    0.96,
    0.9666666666666667,
    0.9633333333333334,
    0.96,
    0.9833333333333333,
    0.96
  ],
  "best_accuracy": 0.9833333333333333,
  "best_epoch": 14,
  "final_loss": 0.546416928822344,
  "final_accuracy": 0.96
}