{
    "num_trials": 5,
    "accuracy": [
        0.5,
        0.5366666666666666,
        0.5,
        0.5,
        0.6033333333333334
    ],
    "precision": [
        0.25,
        0.5445199935243645,
        0.25,
        0.25,
        0.6033379261300502
    ],
    "recall": [
        0.5,
        0.5366666666666666,
        0.5,
        0.5,
        0.6033333333333334
    ],
    "f1score": [
        0.3333333333333333,
        0.515290999755902,
        0.3333333333333333,
        0.3333333333333333,
        0.6033289258769543
    ],
    "accuracy_mean": 0.528,
    "accuracy_std": 0.040254744371868094,
    "precision_mean": 0.37957158393088297,
    "recall_mean": 0.528,
    "f1score_mean": 0.4237239851265713
}