{
  "train_losses": [
    0.1774423341372643,
    0.035358793477908795,
    0.0226618222649532,
    0.020077269869613123,
    0.027882985099164547,
    0.015246740970972249,
    0.024933477567339487,
    0.015513765942655895,
    0.026661516871999167,
    0.008672408771500077,
    0.011201604715097346,
    0.012174822208862679,
    0.006138649223099823,
    0.01647936683101844,
    0.01519040164095548
  ],
  "test_accuracies": [
    0.99,
    0.9866666666666667,
    1.0,
    0.9566666666666667,
    1.0,
    1.0,
    1.0,
    1.0,
    0.9866666666666667,
    1.0,
    0.9933333333333333,
    0.9866666666666667,
    0.9933333333333333,
    1.0,
    0.9933333333333333
  ],
  "best_accuracy": 1.0,
  "best_epoch": 3,
  "final_loss": 0.01519040164095548,
  "final_accuracy": 0.9933333333333333
}