{
    "num_trials": 1,
    "accuracy": [
        0.98
    ],
    "precision": [
        0.980085348506401
    ],
    "recall": [
        0.98
    ],
    "f1score": [
        0.9799991110716032
    ],
    "accuracy_mean": 0.98,
    "accuracy_std": 0.0,
    "precision_mean": 0.980085348506401,
    "recall_mean": 0.98,
    "f1score_mean": 0.9799991110716032
}