{
  "train_losses": [
    0.09575009724093517,
    0.022827620734460652,
    0.024871622327530284,
    0.01878425802979936,
    0.01315795197148294,
    0.023915100523233625,
    0.03220788143789832,
    0.045041637160135324,
    0.011931094105007518,
    0.02585510146197769,
    0.03018315839885459,
    0.008155308878816537,
    0.005227998393820599,
    0.005194376326719727,
    0.005827376868513635
  ],
  "test_accuracies": [
    0.9833333333333333,
    0.9866666666666667,
    0.9866666666666667,
    0.9933333333333333,
    0.9833333333333333,
    0.99,
    0.9666666666666667,
    0.9933333333333333,
    0.98,
    0.99,
    0.9866666666666667,
    0.9833333333333333,
    0.9833333333333333,
    0.9833333333333333,
    0.9866666666666667
  ],
  "best_accuracy": 0.9933333333333333,
  "best_epoch": 4,
  "final_loss": 0.005827376868513635,
  "final_accuracy": 0.9866666666666667
}