{
  "train_losses": [
    0.2804595519965832,
    0.026307802560040727,
    0.020830648721047593,
    0.007274853299598114,
    0.0019027450889139304,
    0.001549777606659187,
    0.0007519671491474418,
    0.00037299170753613,
    0.00026822267064765333,
    0.0002171445478428392,
    0.00028395392368710503,
    0.00024149010161264331,
    0.0002119255589356974,
    0.0002180190011296707,
    0.00026041104859524984
  ],
  "test_accuracies": [
    0.9933333333333333,
    0.99,
    1.0,
    0.9933333333333333,
    0.9966666666666667,
    1.0,
    0.9966666666666667,
    0.9966666666666667,
    0.9966666666666667,
    0.9966666666666667,
    0.9966666666666667,
    0.9966666666666667,
    0.9966666666666667,
    0.9966666666666667,
    0.9966666666666667
  ],
  "best_accuracy": 1.0,
  "best_epoch": 3,
  "final_loss": 0.00026041104859524984,
  "final_accuracy": 0.9966666666666667
}