{
  "train_losses": [
    0.632402631369504,
    0.5778427259488539,
    0.5613210539926182,
    0.5531715059822256,
    0.5469151505015113,
    0.5430498543110761,
    0.541495682163672,
    0.5385530211708762,
    0.535722481933507,
    0.5342784374952316,
    0.5331340770829808,
    0.5314920937473123,
    0.5292879431085153,
    0.5288801030679182,
    0.5269441211765463
  ],
  "test_accuracies": [
    0.82,
    0.9466666666666667,
    0.9433333333333334,
    0.9566666666666667,
    0.9433333333333334,
    0.9533333333333334,
    0.93,
    0.9233333333333333,
    0.96,
    0.97,
    0.9466666666666667,
    0.9533333333333334,
    0.96,
    0.9666666666666667,
    0.9566666666666667
  ],
  "best_accuracy": 0.97,
  "best_epoch": 10,
  "final_loss": 0.5269441211765463,
  "final_accuracy": 0.9566666666666667
}