{
  "train_losses": [
    0.6956010501493107,
    0.6919492862441323,
    0.6912548840045929,
    0.6901672225106846,
    0.6882330314679579,
    0.6862609454176642,
    0.6848738125779412,
    0.6853990229693326,
    0.684477760033174,
    0.6844202252951536,
    0.6834296800873496,
    0.6825205236673355,
    0.6825351064855402,
    0.6826063868674365,
    0.6819384003227408
  ],
  "test_accuracies": [
    0.5033333333333333,
    0.54,
    0.5066666666666667,
    0.5333333333333333,
    0.5166666666666667,
    0.5266666666666666,
    0.5266666666666666,
    0.54,
    0.5533333333333333,
    0.54,
    0.5566666666666666,
    0.5466666666666666,
    0.56,
    0.5433333333333333,
    0.5233333333333333
  ],
  "best_accuracy": 0.56,
  "best_epoch": 13,
  "final_loss": 0.6819384003227408,
  "final_accuracy": 0.5233333333333333
}