{
  "train_losses": [
    0.6591372869231484,
    0.6111570583148436,
    0.599786713719368,
    0.5919237570329146,
    0.5848426480184902,
    0.5804031504826113,
    0.5759150169112466,
    0.5725483460859819,
    0.5705854946916754,
    0.5681503333828666,
    0.5663682682947679,
    0.5649754635312341,
    0.5635161643678491,
    0.5623480921441858,
    0.5604690096595071
  ],
  "test_accuracies": [
    0.8533333333333334,
    0.9033333333333333,
    0.8766666666666667,
    0.9166666666666666,
    0.9433333333333334,
    0.9233333333333333,
    0.94,
    0.9266666666666666,
    0.9333333333333333,
    0.96,
    0.9533333333333334,
    0.94,
    0.9566666666666667,
    0.9466666666666667,
    0.9466666666666667
  ],
  "best_accuracy": 0.96,
  "best_epoch": 10,
  "final_loss": 0.5604690096595071,
  "final_accuracy": 0.9466666666666667
}