{
  "train_losses": [
    0.6975703970952467,
    0.6934782483360984,
    0.6833412755619396,
    0.6760806942527945,
    0.654337468472394,
    0.6546840965747833,
    0.6484845551577482,
    0.6399275755340402,
    0.6375810165296901,
    0.6285877281969244,
    0.6238679208538749,
    0.6363183896649968,
    0.6035933365876024,
    0.5900961858305064,
    0.5738630660555579
  ],
  "test_accuracies": [
    0.5866666666666667,
    0.5033333333333333,
    0.5533333333333333,
    0.5766666666666667,
    0.59,
    0.55,
    0.56,
    0.5633333333333334,
    0.57,
    0.5933333333333334,
    0.58,
    0.5766666666666667,
    0.6133333333333333,
    0.6133333333333333,
    0.63
  ],
  "best_accuracy": 0.63,
  "best_epoch": 15,
  "final_loss": 0.5738630660555579,
  "final_accuracy": 0.63
}