{
  "train_losses": [
    0.31543051573151554,
    0.0657881597660228,
    0.04176631728081371,
    0.03959811148921621,
    0.03119456981684462,
    0.017831870438716247,
    0.01747783902663452,
    0.029689931436388924,
    0.014028387577954245,
    0.012799578609195289,
    0.009124745226555124,
    0.006453537652636111,
    0.0073301116734166335,
    0.0013805878775201563,
    0.0008147848069380747
  ],
  "test_accuracies": [
    0.9666666666666667,
    0.98,
    0.9733333333333334,
    0.9866666666666667,
    0.9866666666666667,
    0.98,
    0.9366666666666666,
    0.99,
    0.9833333333333333,
    0.9833333333333333,
    0.98,
    0.9866666666666667,
    0.9866666666666667,
    0.9833333333333333,
    0.9866666666666667
  ],
  "best_accuracy": 0.99,
  "best_epoch": 8,
  "final_loss": 0.0008147848069380747,
  "final_accuracy": 0.9866666666666667
}