{
  "train_losses": [
    0.6929015205665068,
    0.6816731691360474,
    0.6822289946404371,
    0.6664707443930886,
    0.6554719561880286,
    0.6463307088071649,
    0.653197708454999,
    0.628004015846686,
    0.6366732648827813,
    0.6342084712602876,
    0.628726220943711,
    0.6190699603069912,
    0.6122147657654502,
    0.6119369945742867,
    0.6081438098441471
  ],
  "test_accuracies": [
    0.5233333333333333,
    0.5233333333333333,
    0.5633333333333334,
    0.6066666666666667,
    0.6233333333333333,
    0.6,
    0.6166666666666667,
    0.6233333333333333,
    0.6233333333333333,
    0.5766666666666667,
    0.6366666666666667,
    0.6133333333333333,
    0.64,
    0.6333333333333333,
    0.63
  ],
  "best_accuracy": 0.64,
  "best_epoch": 13,
  "final_loss": 0.6081438098441471,
  "final_accuracy": 0.63
}