{
  "train_losses": [
    0.11312940586569974,
    0.04278150718891993,
    0.040458145436291074,
    0.05051200137082064,
    0.030994908896735233,
    0.02445681632318817,
    0.017448224358138923,
    0.022470333742768907,
    0.018555408482577397,
    0.01382921637284343,
    0.02231093875525403,
    0.012069701723786156,
    0.026199751491400424,
    0.021459657527553976,
    0.0036579272539876747
  ],
  "test_accuracies": [
    0.9866666666666667,
    0.98,
    0.98,
    0.9933333333333333,
    0.99,
    0.9933333333333333,
    0.9966666666666667,
    0.99,
    0.9966666666666667,
    1.0,
    0.9933333333333333,
    1.0,
    0.9966666666666667,
    1.0,
    0.9966666666666667
  ],
  "best_accuracy": 1.0,
  "best_epoch": 10,
  "final_loss": 0.0036579272539876747,
  "final_accuracy": 0.9966666666666667
}