{
  "train_losses": [
    1.0224358290433884,
    0.6963013695044951,
    0.6956219903447411,
    0.6936714351177216,
    0.6926918178796768,
    0.6872708756815303,
    0.6864718903194774,
    0.6872182244604285,
    0.6816915084015239,
    0.6845841028473594,
    0.6787874752824957,
    0.6831632432612506,
    0.6830605580048128,
    0.672447913072326,
    0.6666136939417232
  ],
  "test_accuracies": [
    0.5,
    0.5,
    0.5,
    0.5566666666666666,
    0.5633333333333334,
    0.5,
    0.57,
    0.53,
    0.54,
    0.5266666666666666,
    0.5366666666666666,
    0.5533333333333333,
    0.5666666666666667,
    0.56,
    0.57
  ],
  "best_accuracy": 0.57,
  "best_epoch": 7,
  "final_loss": 0.6666136939417232,
  "final_accuracy": 0.57
}