{
    "num_trials": 1,
    "accuracy": [
        0.9566666666666667
    ],
    "precision": [
        0.957174638487208
    ],
    "recall": [
        0.9566666666666667
    ],
    "f1score": [
        0.9566546262850791
    ],
    "accuracy_mean": 0.9566666666666667,
    "accuracy_std": 0.0,
    "precision_mean": 0.957174638487208,
    "recall_mean": 0.9566666666666667,
    "f1score_mean": 0.9566546262850791
}