{
  "train_losses": [
    0.6914115195924585,
    0.6860408688133414,
    0.6850220574574037,
    0.6834375668655742,
    0.6817328835075552,
    0.6801021546125412,
    0.6790988391095941,
    0.6771614808927883,
    0.6760805723342028,
    0.6752412684939124,
    0.6743118085644462,
    0.6739312992854551,
    0.6734651801261035,
    0.6733005317774686,
    0.6736622005701065
  ],
  "test_accuracies": [
    0.5266666666666666,
    0.5533333333333333,
    0.5633333333333334,
    0.5666666666666667,
    0.56,
    0.5666666666666667,
    0.5733333333333334,
    0.5833333333333334,
    0.57,
    0.58,
    0.59,
    0.5833333333333334,
    0.5666666666666667,
    0.5766666666666667,
    0.58
  ],
  "best_accuracy": 0.59,
  "best_epoch": 11,
  "final_loss": 0.6736622005701065,
  "final_accuracy": 0.58
}