{
  "train_losses": [
    0.5844858153299852,
    0.535376020453193,
    0.5206007645888762,
    0.5110208426009525,
    0.5058640024878762,
    0.5040822550654411,
    0.5027756162665107,
    0.5009772242470221,
    0.49953197010538797,
    0.49922075461257587,
    0.4977085664868355,
    0.49693166464567184,
    0.49614339795979584,
    0.49505245075984433,
    0.494321500713175
  ],
  "test_accuracies": [
    0.9733333333333334,
    0.9866666666666667,
    0.9933333333333333,
    0.9966666666666667,
    0.9966666666666667,
    0.9966666666666667,
    0.9933333333333333,
    0.99,
    0.99,
    0.9866666666666667,
    0.9933333333333333,
    0.9933333333333333,
    0.9933333333333333,
    0.99,
    0.9966666666666667
  ],
  "best_accuracy": 0.9966666666666667,
  "best_epoch": 4,
  "final_loss": 0.494321500713175,
  "final_accuracy": 0.9966666666666667
}