{
  "train_losses": [
    0.14233936244537207,
    0.025888421115682417,
    0.04244348233491606,
    0.01839907058142258,
    0.020333927021635067,
    0.05918084934058821,
    0.022618022953048985,
    0.02200326345469379,
    0.016451530571843745,
    0.02080846872608659,
    0.00903752258884858,
    0.03089584631689749,
    0.018698251229414545,
    0.020852043376428563,
    0.0048094887547036206
  ],
  "test_accuracies": [
    0.9833333333333333,
    0.9966666666666667,
    0.9966666666666667,
    0.9966666666666667,
    0.9966666666666667,
    0.98,
    0.9866666666666667,
    0.9966666666666667,
    0.9766666666666667,
    0.9933333333333333,
    0.9733333333333334,
    0.9966666666666667,
    0.9966666666666667,
    0.9966666666666667,
    0.9933333333333333
  ],
  "best_accuracy": 0.9966666666666667,
  "best_epoch": 2,
  "final_loss": 0.0048094887547036206,
  "final_accuracy": 0.9933333333333333
}