{
    "num_trials": 5,
    "accuracy": [
        0.9033333333333333,
        0.94,
        0.9433333333333334,
        0.94,
        0.93
    ],
    "precision": [
        0.9099101133745879,
        0.9400782361308677,
        0.9443009220079284,
        0.94,
        0.9323249474954199
    ],
    "recall": [
        0.9033333333333333,
        0.94,
        0.9433333333333334,
        0.94,
        0.93
    ],
    "f1score": [
        0.9029440310579101,
        0.9399973332148094,
        0.943302464675212,
        0.94,
        0.9299057621913907
    ],
    "accuracy_mean": 0.9313333333333332,
    "accuracy_std": 0.014696938456699065,
    "precision_mean": 0.9333228438017608,
    "recall_mean": 0.9313333333333332,
    "f1score_mean": 0.9312299182278643
}