{
  "train_losses": [
    0.5249021696773443,
    0.4025775058702989,
    0.3606841340661049,
    0.3474135249853134,
    0.3392669043757699,
    0.3325796140865846,
    0.3235432194037871,
    0.3137111298062585,
    0.30642457780512894,
    0.30042579160495236,
    0.29788242619146,
    0.29727366160262714,
    0.2962614514610984,
    0.2954037419774316,
    0.29389060017737473
  ],
  "test_accuracies": [
    0.9966666666666667,
    1.0,
    1.0,
    1.0,
    1.0,
    1.0,
    1.0,
    1.0,
    1.0,
    1.0,
    1.0,
    1.0,
    1.0,
    1.0,
    1.0
  ],
  "best_accuracy": 1.0,
  "best_epoch": 2,
  "final_loss": 0.29389060017737473,
  "final_accuracy": 1.0
}