{
  "train_losses": [
    1.117050970142538,
    0.6955963738939979,
    0.6935635981234637,
    0.6935618926178325,
    0.6935831254178827,
    0.6938067376613617,
    0.6981689482927322,
    0.6977597542784431,
    0.6950496895746752,
    0.6938058977777307,
    0.6916669322685762,
    0.6904754828323018,
    0.6886068338697607,
    0.6759680821136995,
    0.6776318942958658
  ],
  "test_accuracies": [
    0.5,
    0.5,
    0.5,
    0.5,
    0.5,
    0.5,
    0.5,
    0.5,
    0.5033333333333333,
    0.5,
    0.5666666666666667,
    0.49333333333333335,
    0.49666666666666665,
    0.58,
    0.5866666666666667
  ],
  "best_accuracy": 0.5866666666666667,
  "best_epoch": 15,
  "final_loss": 0.6776318942958658,
  "final_accuracy": 0.5866666666666667
}