{
  "train_losses": [
    0.40496596033600246,
    0.058584353431466625,
    0.04666898457534527,
    0.0400290068408305,
    0.03972694426986643,
    0.031932583142241296,
    0.016022733387547883,
    0.01282779323148795,
    0.020442980250994548,
    0.010255125695204531,
    0.012099328209098365,
    0.011250280917672419,
    0.02790599046304785,
    0.03203323368176247,
    0.004606671483088576
  ],
  "test_accuracies": [
    0.9733333333333334,
    0.9866666666666667,
    0.9866666666666667,
    0.98,
    0.9866666666666667,
    0.99,
    0.99,
    0.99,
    0.99,
    0.9833333333333333,
    0.9866666666666667,
    0.9866666666666667,
    0.9866666666666667,
    0.9833333333333333,
    0.9933333333333333
  ],
  "best_accuracy": 0.9933333333333333,
  "best_epoch": 15,
  "final_loss": 0.004606671483088576,
  "final_accuracy": 0.9933333333333333
}