{
  "train_losses": [
    0.09299319721556482,
    0.06300710170499065,
    0.0006625502913980512,
    5.048523228912138e-07,
    6.51900907346701e-08,
    3.691212099310448e-07,
    1.4223547248892743e-06,
    6.438631780766616e-07,
    8.482733102963749e-07,
    6.992197608539237e-07
  ],
  "test_accuracies": [
    1.0,
    1.0,
    0.9966666666666667,
    1.0,
    1.0,
    1.0,
    1.0,
    1.0,
    1.0,
    1.0
  ],
  "best_accuracy": 1.0,
  "best_epoch": 1,
  "final_loss": 6.992197608539237e-07,
  "final_accuracy": 1.0
}