model,class_a,class_b,trial,seed,accuracy,precision,recall,f1score,duration_seconds
QuantumNN,0,2,1,1062,0.9233333333333333,0.9302362346989477,0.9233333333333333,0.9230245763562736,36.298044
