{
  "train_losses": [
    0.32791011391038244,
    0.048215008708542555,
    0.022431367540610318,
    0.02247627925151557,
    0.014593563496336255,
    0.0046831677042394985,
    0.004390179224897524,
    0.01013917230342155,
    0.004555165860634505,
    0.001493854897165389,
    0.005134860265240026,
    0.0005530999682460705,
    0.00022956910697757849,
    0.0001982389867407619,
    0.00013961258300489797
  ],
  "test_accuracies": [
    0.9733333333333334,
    0.99,
    0.99,
    0.99,
    0.9933333333333333,
    0.9933333333333333,
    0.98,
    0.9766666666666667,
    0.99,
    0.99,
    0.9966666666666667,
    0.9933333333333333,
    0.9933333333333333,
    0.9933333333333333,
    0.9933333333333333
  ],
  "best_accuracy": 0.9966666666666667,
  "best_epoch": 11,
  "final_loss": 0.00013961258300489797,
  "final_accuracy": 0.9933333333333333
}