{
  "train_losses": [
    0.6245771836150776,
    0.5416455363685434,
    0.5237861682068218,
    0.512073428793387,
    0.5062010024081577,
    0.5025454915382646,
    0.4985118948600509,
    0.49722016196359287,
    0.4949463287537748,
    0.4937732775102962,
    0.49340100518681784,
    0.4924835447560657,
    0.4935674857009541,
    0.4922104037620805,
    0.4922118911688978
  ],
  "test_accuracies": [
    0.95,
    0.9733333333333334,
    0.97,
    0.9633333333333334,
    0.96,
    0.9666666666666667,
    0.9666666666666667,
    0.9666666666666667,
    0.9633333333333334,
    0.9666666666666667,
    0.9666666666666667,
    0.97,
    0.97,
    0.97,
    0.9733333333333334
  ],
  "best_accuracy": 0.9733333333333334,
  "best_epoch": 2,
  "final_loss": 0.4922118911688978,
  "final_accuracy": 0.9733333333333334
}