{
  "train_losses": [
    0.5648415616967462,
    0.5210842185399749,
    0.5117771916768767,
    0.5071301236748695,
    0.5014137361537326,
    0.4933504306457259,
    0.4887888729572296,
    0.4862420003522526,
    0.48515680770982395,
    0.48359679633920843,
    0.4823080897331238,
    0.48110824349251663,
    0.4804179539734667,
    0.47984099794517865,
    0.4795974757183682
  ],
  "test_accuracies": [
    0.8866666666666667,
    0.92,
    0.9466666666666667,
    0.9366666666666666,
    0.9533333333333334,
    0.94,
    0.96,
    0.9533333333333334,
    0.96,
    0.9566666666666667,
    0.94,
    0.95,
    0.9466666666666667,
    0.9533333333333334,
    0.95
  ],
  "best_accuracy": 0.96,
  "best_epoch": 7,
  "final_loss": 0.4795974757183682,
  "final_accuracy": 0.95
}