{
  "train_losses": [
    0.6369152746417306,
    0.5995965600013733,
    0.590273918075995,
    0.5874785090034659,
    0.5845018882643093,
    0.5819674960591577,
    0.5795618024739352,
    0.5786321610212326,
    0.5781473016197031,
    0.5775518390265378,
    0.5745866732163862,
    0.5712940936738794,
    0.5691977062008597,
    0.5670991837978363,
    0.5645109984007749
  ],
  "test_accuracies": [
    0.9233333333333333,
    0.93,
    0.9333333333333333,
    0.9466666666666667,
    0.9366666666666666,
    0.9533333333333334,
    0.9566666666666667,
    0.95,
    0.9466666666666667,
    0.9466666666666667,
    0.95,
    0.9466666666666667,
    0.9433333333333334,
    0.9466666666666667,
    0.94
  ],
  "best_accuracy": 0.9566666666666667,
  "best_epoch": 7,
  "final_loss": 0.5645109984007749,
  "final_accuracy": 0.94
}