{
  "train_losses": [
    1.456721238114617,
    0.7003562599420547,
    0.6945813433690504,
    0.694254839962179,
    0.6934571076523174,
    0.693114929578521,
    0.6886662840843201,
    0.6963525929234244,
    0.6933014555410906,
    0.6981847326863896,
    0.6948569579557939,
    0.6940252347425981,
    0.6942960294810209,
    0.6839454444971952,
    0.6912584453821182,
    0.6772720163518732,
    0.6770375330339778,
    0.6780408227985556,
    0.6698691072789106,
    0.673545856367458,
    0.6767778952013362,
    0.6708815070715818,
    0.6706646369262175,
    0.6613398275592111,
    0.6630608209154822,
    0.6704169701446187,
    0.6567117043516852,
    0.657735754143108,
    0.6526890776374124,
    0.6564735878597606,
    0.646707453510978,
    0.6536630094051361,
    0.6494540694085035,
    0.6469725140116431,
    0.6486555337905884,
    0.6480519026517868,
    0.646136159246618,
    0.6475921815091913,
    0.6451070159673691,
    0.6330419623038985,
    0.641581733118404,
    0.6430686021392996,
    0.6433266685767607,
    0.6391414288770069,
    0.6400331759994681,
    0.640417059714144,
    0.6323672966523604,
    0.627769793976437,
    0.6304546906189485,
    0.6311047050085935
  ],
  "test_accuracies": [
    49.666666666666664,
    50.0,
    57.666666666666664,
    53.333333333333336,
    51.333333333333336,
    50.666666666666664,
    54.666666666666664,
    63.333333333333336,
    49.666666666666664,
    50.0,
    61.0,
    53.666666666666664,
    64.0,
    62.333333333333336,
    61.0,
    56.333333333333336,
    55.666666666666664,
    61.0,
    60.0,
    54.333333333333336,
    63.666666666666664,
    60.666666666666664,
    62.0,
    62.666666666666664,
    61.0,
    59.0,
    61.333333333333336,
    63.0,
    61.0,
    59.666666666666664,
    61.333333333333336,
    58.333333333333336,
    61.0,
    61.333333333333336,
    60.666666666666664,
    58.666666666666664,
    58.333333333333336,
    60.666666666666664,
    59.333333333333336,
    60.333333333333336,
    59.0,
    59.666666666666664,
    59.666666666666664,
    59.333333333333336,
    60.333333333333336,
    59.0,
    58.666666666666664,
    60.333333333333336,
    60.0,
    60.333333333333336
  ],
  "best_accuracy": 64.0,
  "best_epoch": 13,
  "final_loss": 0.6311047050085935,
  "final_accuracy": 60.333333333333336
}