{
  "train_losses": [
    0.6283799084750089,
    0.5851404070854187,
    0.5657047371972691,
    0.5583771087906577,
    0.5549295991659164,
    0.5525086129253561,
    0.5512036003849723,
    0.5489305528727445,
    0.5424068502404473,
    0.5315684202042493
  ],
  "test_accuracies": [
    1.0,
    1.0,
    1.0,
    1.0,
    1.0,
    1.0,
    1.0,
    1.0,
    1.0,
    1.0
  ],
  "best_accuracy": 1.0,
  "best_epoch": 1,
  "final_loss": 0.5315684202042493,
  "final_accuracy": 1.0
}