{
  "train_losses": [
    0.16870179060126908,
    0.07061457251587523,
    0.03721752627990844,
    0.029799198415275896,
    0.03072352549696172,
    0.016162395548400873,
    0.016972574481562995,
    0.009740989555707942,
    0.006035558930534535,
    0.002278161735375761,
    0.0147167094578332,
    0.013608459293870757,
    0.007747265968522366,
    0.0046304527173478245,
    0.001889182431692792
  ],
  "test_accuracies": [
    0.9166666666666666,
    0.97,
    0.98,
    0.9866666666666667,
    0.9733333333333334,
    0.9866666666666667,
    0.99,
    0.99,
    0.99,
    0.9966666666666667,
    0.99,
    0.9966666666666667,
    0.9866666666666667,
    0.99,
    0.9866666666666667
  ],
  "best_accuracy": 0.9966666666666667,
  "best_epoch": 10,
  "final_loss": 0.001889182431692792,
  "final_accuracy": 0.9866666666666667
}