{
  "train_losses": [
    0.6301924071528695,
    0.5480568977919492,
    0.528215041892095,
    0.5210810588164763,
    0.5183330909772352,
    0.5170196369290352,
    0.515431362119588,
    0.5143272124908187,
    0.5127286917783997,
    0.511584656482393,
    0.5109079703688622,
    0.5105229792269793,
    0.5099494802680883,
    0.5092124661261385,
    0.5086725957014344
  ],
  "test_accuracies": [
    0.94,
    0.9533333333333334,
    0.9566666666666667,
    0.9566666666666667,
    0.9533333333333334,
    0.9533333333333334,
    0.9466666666666667,
    0.9433333333333334,
    0.94,
    0.9433333333333334,
    0.9433333333333334,
    0.95,
    0.94,
    0.9466666666666667,
    0.9466666666666667
  ],
  "best_accuracy": 0.9566666666666667,
  "best_epoch": 3,
  "final_loss": 0.5086725957014344,
  "final_accuracy": 0.9466666666666667
}