{
  "train_losses": [
    0.6353850933638486,
    0.5900623676451769,
    0.5665385939858176,
    0.5478542975404046,
    0.5398401658643376,
    0.5360920144753023,
    0.5349926582791589,
    0.5336305756460537,
    0.533360169692473,
    0.5328563194383275,
    0.5322280295870521,
    0.5325508226047863,
    0.532475009560585,
    0.5318102660504255,
    0.5327781181443821
  ],
  "test_accuracies": [
    0.89,
    0.9566666666666667,
    0.96,
    0.9733333333333334,
    0.9766666666666667,
    0.9833333333333333,
    0.98,
    0.98,
    0.98,
    0.9833333333333333,
    0.9833333333333333,
    0.98,
    0.9766666666666667,
    0.9866666666666667,
    0.9766666666666667
  ],
  "best_accuracy": 0.9866666666666667,
  "best_epoch": 14,
  "final_loss": 0.5327781181443821,
  "final_accuracy": 0.9766666666666667
}