{
  "train_losses": [
    0.6926401582631198,
    0.6880743503570557,
    0.6884170431982387,
    0.6850581507791172,
    0.685983267697421,
    0.6847637349909003,
    0.6832719797437842,
    0.6828807091171091,
    0.6830951896580783,
    0.6828087216073816,
    0.6828120554035361,
    0.6828161667693745,
    0.6825484186410904,
    0.6824408227747137,
    0.6835105459798466
  ],
  "test_accuracies": [
    0.5633333333333334,
    0.5033333333333333,
    0.56,
    0.5533333333333333,
    0.5633333333333334,
    0.58,
    0.5733333333333334,
    0.5666666666666667,
    0.5666666666666667,
    0.5733333333333334,
    0.5433333333333333,
    0.5666666666666667,
    0.55,
    0.54,
    0.5633333333333334
  ],
  "best_accuracy": 0.58,
  "best_epoch": 6,
  "final_loss": 0.6835105459798466,
  "final_accuracy": 0.5633333333333334
}