{
  "train_losses": [
    0.15383953688962554,
    0.06332472174703567,
    0.03851909565855749,
    0.047657639370299876,
    0.034844870312636805,
    0.04366586100712249,
    0.02836259078784761,
    0.022833745911074486,
    0.02172171424833571,
    0.027754565559338185,
    0.018780434587576812,
    0.012559189537238457,
    0.04361448116800271,
    0.020617912652596715,
    0.012868546298787724
  ],
  "test_accuracies": [
    0.9566666666666667,
    0.9833333333333333,
    0.9733333333333334,
    0.9833333333333333,
    0.9833333333333333,
    0.99,
    0.9933333333333333,
    0.9866666666666667,
    0.99,
    0.9766666666666667,
    0.99,
    0.99,
    0.9833333333333333,
    0.98,
    0.9766666666666667
  ],
  "best_accuracy": 0.9933333333333333,
  "best_epoch": 7,
  "final_loss": 0.012868546298787724,
  "final_accuracy": 0.9766666666666667
}