{
  "train_losses": [
    0.590151085094972,
    0.5293364734812216,
    0.516269872134382,
    0.512452553619038,
    0.5118900761008263,
    0.510523800145496,
    0.5095674558119341,
    0.5104876939545978,
    0.5094168931245804,
    0.5086879262870009,
    0.5084906884215095,
    0.5080197460272096,
    0.507196993990378,
    0.5072682811455294,
    0.5064125487750227
  ],
  "test_accuracies": [
    0.9533333333333334,
    0.9166666666666666,
    0.9333333333333333,
    0.9333333333333333,
    0.94,
    0.9366666666666666,
    0.9366666666666666,
    0.9,
    0.9466666666666667,
    0.9233333333333333,
    0.9466666666666667,
    0.95,
    0.94,
    0.94,
    0.9333333333333333
  ],
  "best_accuracy": 0.9533333333333334,
  "best_epoch": 1,
  "final_loss": 0.5064125487750227,
  "final_accuracy": 0.9333333333333333
}