{
  "train_losses": [
    0.5780009417371317,
    0.48501287536187604,
    0.43847937136888504,
    0.41391565379771317,
    0.3976653231815858,
    0.38896304910833185,
    0.38392938538031146,
    0.37663701650771225,
    0.36752262914722617,
    0.35903093218803406,
    0.3549269810318947,
    0.3523141734979369,
    0.3512307080355557,
    0.3508313183080066,
    0.35023156621239404
  ],
  "test_accuracies": [
    0.9566666666666667,
    0.97,
    0.98,
    0.9633333333333334,
    0.98,
    0.9866666666666667,
    0.9866666666666667,
    0.9866666666666667,
    0.9866666666666667,
    0.9833333333333333,
    0.9833333333333333,
    0.9833333333333333,
    0.9833333333333333,
    0.9833333333333333,
    0.9833333333333333
  ],
  "best_accuracy": 0.9866666666666667,
  "best_epoch": 6,
  "final_loss": 0.35023156621239404,
  "final_accuracy": 0.9833333333333333
}