{
  "train_losses": [
    0.6121861067685214,
    0.5397770811210979,
    0.5078296607190912,
    0.48223069513385947,
    0.466963373801925,
    0.4598495906049555,
    0.4542981751940467,
    0.450552221048962,
    0.4477494907650081,
    0.4447565112601627,
    0.4442861872640523,
    0.44249543750827963,
    0.4413046559149569,
    0.4408701543103565,
    0.4403547529469837
  ],
  "test_accuracies": [
    0.8733333333333333,
    0.9333333333333333,
    0.9266666666666666,
    0.94,
    0.9366666666666666,
    0.9333333333333333,
    0.9366666666666666,
    0.9333333333333333,
    0.9366666666666666,
    0.9333333333333333,
    0.9366666666666666,
    0.9366666666666666,
    0.9333333333333333,
    0.9466666666666667,
    0.9333333333333333
  ],
  "best_accuracy": 0.9466666666666667,
  "best_epoch": 14,
  "final_loss": 0.4403547529469837,
  "final_accuracy": 0.9333333333333333
}