{
    "num_trials": 1,
    "accuracy": [
        0.95
    ],
    "precision": [
        0.9545454545454546
    ],
    "recall": [
        0.95
    ],
    "f1score": [
        0.9498746867167919
    ],
    "accuracy_mean": 0.95,
    "accuracy_std": 0.0,
    "precision_mean": 0.9545454545454546,
    "recall_mean": 0.95,
    "f1score_mean": 0.9498746867167919
}