{
    "num_trials": 1,
    "accuracy": [
        0.9433333333333334
    ],
    "precision": [
        0.9438264738598444
    ],
    "recall": [
        0.9433333333333334
    ],
    "f1score": [
        0.9433175882189497
    ],
    "accuracy_mean": 0.9433333333333334,
    "accuracy_std": 0.0,
    "precision_mean": 0.9438264738598444,
    "recall_mean": 0.9433333333333334,
    "f1score_mean": 0.9433175882189497
}