{
  "train_losses": [
    0.6956722980195825,
    0.6846549050374464,
    0.6828916235403582,
    0.6797640933231874,
    0.6776404502716932,
    0.6777663271535527,
    0.6755294501781464,
    0.6744516044855118,
    0.6746154996481809,
    0.6740466288544915,
    0.6732123886997049,
    0.6731231619011272,
    0.6732713431119919,
    0.6722865050489252,
    0.672393032095649
  ],
  "test_accuracies": [
    0.5666666666666667,
    0.5866666666666667,
    0.57,
    0.5733333333333334,
    0.5433333333333333,
    0.5733333333333334,
    0.5733333333333334,
    0.5833333333333334,
    0.59,
    0.59,
    0.6,
    0.5966666666666667,
    0.5866666666666667,
    0.5766666666666667,
    0.5666666666666667
  ],
  "best_accuracy": 0.6,
  "best_epoch": 11,
  "final_loss": 0.672393032095649,
  "final_accuracy": 0.5666666666666667
}