{
  "train_losses": [
    0.5818783275105737,
    0.4875198785554279,
    0.45857479897412384,
    0.442514106631279,
    0.4366624158891765,
    0.43382863023064355,
    0.43192011524330487,
    0.4296916127204895,
    0.42801573601636017,
    0.4272909245707772,
    0.42483506961302325,
    0.42263068529692566,
    0.4209555143659765,
    0.4201810962774537,
    0.4191324697299437
  ],
  "test_accuracies": [
    1.0,
    0.9966666666666667,
    0.9966666666666667,
    0.9966666666666667,
    0.9966666666666667,
    1.0,
    1.0,
    1.0,
    1.0,
    1.0,
    0.9966666666666667,
    0.9966666666666667,
    0.9966666666666667,
    0.9966666666666667,
    1.0
  ],
  "best_accuracy": 1.0,
  "best_epoch": 1,
  "final_loss": 0.4191324697299437,
  "final_accuracy": 1.0
}