{
    "num_trials": 15,
    "accuracy": [
        0.5766666666666667,
        0.5566666666666666,
        0.58,
        0.55,
        0.55,
        0.5,
        0.5633333333333334,
        0.6066666666666667,
        0.49,
        0.5933333333333334,
        0.5766666666666667,
        0.5566666666666666,
        0.58,
        0.55,
        0.55
    ],
    "precision": [
        0.5850130599773299,
        0.5799924712968192,
        0.5807030129124819,
        0.6018007420142973,
        0.5736497545008183,
        0.25,
        0.5690039223282165,
        0.6105175907165225,
        0.3902974158946855,
        0.611111111111111,
        0.5850130599773299,
        0.5799924712968192,
        0.5807030129124819,
        0.6018007420142973,
        0.5736497545008183
    ],
    "recall": [
        0.5766666666666667,
        0.5566666666666666,
        0.58,
        0.55,
        0.55,
        0.5,
        0.5633333333333334,
        0.6066666666666667,
        0.49,
        0.5933333333333334,
        0.5766666666666667,
        0.5566666666666666,
        0.58,
        0.55,
        0.55
    ],
    "f1score": [
        0.5660147395518903,
        0.5218063495487721,
        0.5790833370451206,
        0.48441140150984713,
        0.5107218363032316,
        0.3333333333333333,
        0.5541740876450636,
        0.6032101865136298,
        0.34005262325487773,
        0.5763888888888888,
        0.5660147395518903,
        0.5218063495487721,
        0.5790833370451206,
        0.48441140150984713,
        0.5107218363032316
    ],
    "accuracy_mean": 0.5586666666666666,
    "accuracy_std": 0.03005673647300065,
    "precision_mean": 0.5515498747636018,
    "recall_mean": 0.5586666666666666,
    "f1score_mean": 0.5154156298369011
}