{
  "train_losses": [
    0.10864862214723624,
    0.03662743233772661,
    0.01837309970274377,
    0.01770866310570537,
    0.02618159160986331,
    0.015202085677959654,
    0.011012228751496878,
    0.0060267144990162206,
    0.012454135797022238,
    0.00912453538859898,
    0.0059218129692494995,
    0.0017088601983397728,
    0.0017211943212073907,
    0.0010798969724419294,
    0.0017132383016318768
  ],
  "test_accuracies": [
    0.98,
    0.9833333333333333,
    0.9866666666666667,
    0.99,
    0.99,
    0.99,
    0.9933333333333333,
    0.9866666666666667,
    0.99,
    0.9933333333333333,
    0.99,
    0.99,
    0.99,
    0.99,
    0.9933333333333333
  ],
  "best_accuracy": 0.9933333333333333,
  "best_epoch": 7,
  "final_loss": 0.0017132383016318768,
  "final_accuracy": 0.9933333333333333
}