{
    "num_trials": 8,
    "accuracy": [
        0.9866666666666667,
        0.9833333333333333,
        0.9833333333333333,
        0.9833333333333333,
        0.9866666666666667,
        0.99,
        0.9866666666666667,
        0.99
    ],
    "precision": [
        0.987012987012987,
        0.9835267440309456,
        0.9838709677419354,
        0.9835267440309456,
        0.987012987012987,
        0.9900217787457221,
        0.9866666666666667,
        0.9900217787457221
    ],
    "recall": [
        0.9866666666666667,
        0.9833333333333333,
        0.9833333333333333,
        0.9833333333333333,
        0.9866666666666667,
        0.99,
        0.9866666666666667,
        0.99
    ],
    "f1score": [
        0.9866642958748222,
        0.9833316664999833,
        0.9833287024173382,
        0.9833316664999833,
        0.9866642958748222,
        0.9899998888876543,
        0.9866666666666667,
        0.9899998888876543
    ],
    "accuracy_mean": 0.98625,
    "accuracy_std": 0.0026020824993326862,
    "precision_mean": 0.9864575817484889,
    "recall_mean": 0.98625,
    "f1score_mean": 0.9862483839511156
}