{
  "train_losses": [
    0.440826394002546,
    0.14930744147436184,
    0.08647364200177518,
    0.06667095598426055,
    0.07984557616609064,
    0.0461629942715676,
    0.0371100163862469,
    0.04414552268677984,
    0.03705791145065715,
    0.04580198477329263,
    0.03545638241683429,
    0.021341981255153023,
    0.0277802871456846,
    0.013208575172525756,
    0.041218933498550374
  ],
  "test_accuracies": [
    0.9433333333333334,
    0.98,
    0.9366666666666666,
    0.9566666666666667,
    0.9833333333333333,
    0.9766666666666667,
    0.98,
    0.9866666666666667,
    0.9866666666666667,
    0.9833333333333333,
    0.98,
    0.9933333333333333,
    0.98,
    0.97,
    0.9866666666666667
  ],
  "best_accuracy": 0.9933333333333333,
  "best_epoch": 12,
  "final_loss": 0.041218933498550374,
  "final_accuracy": 0.9866666666666667
}