{
  "train_losses": [
    0.1017934951920655,
    0.026149620929820892,
    0.022295669067551153,
    0.012337673281515228,
    0.01358301667960921,
    0.02158123850825756,
    0.006562701832876883,
    0.003907712849550907,
    0.009305643328678509,
    0.006822780983963061,
    0.0070001781934314,
    0.004063233918879467,
    0.011957601309311693,
    0.016693628805610802,
    0.0035743379837433827
  ],
  "test_accuracies": [
    1.0,
    0.9966666666666667,
    0.9966666666666667,
    0.9866666666666667,
    0.9766666666666667,
    0.99,
    0.9933333333333333,
    0.99,
    0.99,
    0.9933333333333333,
    0.9966666666666667,
    0.9866666666666667,
    0.98,
    0.9966666666666667,
    0.9933333333333333
  ],
  "best_accuracy": 1.0,
  "best_epoch": 1,
  "final_loss": 0.0035743379837433827,
  "final_accuracy": 0.9933333333333333
}