{
    "num_trials": 1,
    "accuracy": [
        0.9733333333333334
    ],
    "precision": [
        0.9734174964438121
    ],
    "recall": [
        0.9733333333333334
    ],
    "f1score": [
        0.9733321480954711
    ],
    "accuracy_mean": 0.9733333333333334,
    "accuracy_std": 0.0,
    "precision_mean": 0.9734174964438121,
    "recall_mean": 0.9733333333333334,
    "f1score_mean": 0.9733321480954711
}