model,class_a,class_b,trial,seed,accuracy,precision,recall,f1score,duration_seconds
QuantumNN,1,4,1,1182,0.9733333333333334,0.9734174964438121,0.9733333333333334,0.9733321480954711,34.844783
