{
  "train_losses": [
    0.7054604319008914,
    0.6933645308017731,
    0.6944680633870038,
    0.6931137550960887,
    0.6944826529784636,
    0.6933742978356101,
    0.6937560601667925,
    0.6940172599120573,
    0.6942294334823434,
    0.6935960338874296,
    0.6931757981126959,
    0.6937294859777797,
    0.6933980529958551,
    0.6932474591515281,
    0.6934725059704347
  ],
  "test_accuracies": [
    0.5,
    0.5,
    0.5,
    0.5,
    0.5,
    0.5,
    0.5,
    0.5,
    0.5,
    0.5,
    0.5,
    0.5,
    0.5,
    0.5,
    0.5
  ],
  "best_accuracy": 0.5,
  "best_epoch": 1,
  "final_loss": 0.6934725059704347,
  "final_accuracy": 0.5
}