{
  "train_losses": [
    0.6343359716913917,
    0.554339121688496,
    0.5291745947165922,
    0.517973353239623,
    0.5126239955425262,
    0.5074087035926905,
    0.5001330443403937,
    0.49297216670079663,
    0.4855257137255235,
    0.4772114611484788
  ],
  "test_accuracies": [
    0.7133333333333334,
    0.8266666666666667,
    0.8666666666666667,
    0.8766666666666667,
    0.89,
    0.9133333333333333,
    0.9366666666666666,
    0.9466666666666667,
    0.96,
    0.9733333333333334
  ],
  "best_accuracy": 0.9733333333333334,
  "best_epoch": 10,
  "final_loss": 0.4772114611484788,
  "final_accuracy": 0.9733333333333334
}