{
  "train_losses": [
    0.5582199462435462,
    0.4453711645169692,
    0.4167906255884604,
    0.4008393761786548,
    0.3875175836411389,
    0.37835727022452786,
    0.36833811686797574,
    0.3562836172905835,
    0.3420523689551787,
    0.330859167331999,
    0.3265730860558423,
    0.3258555592461066,
    0.32311646166172897,
    0.32189118388024246,
    0.32121695442633197
  ],
  "test_accuracies": [
    0.9433333333333334,
    0.9633333333333334,
    0.9666666666666667,
    0.9733333333333334,
    0.97,
    0.9633333333333334,
    0.9566666666666667,
    0.9533333333333334,
    0.96,
    0.9533333333333334,
    0.9633333333333334,
    0.9633333333333334,
    0.96,
    0.9633333333333334,
    0.9666666666666667
  ],
  "best_accuracy": 0.9733333333333334,
  "best_epoch": 4,
  "final_loss": 0.32121695442633197,
  "final_accuracy": 0.9666666666666667
}