{
  "train_losses": [
    0.44807130978866055,
    0.30405365743420343,
    0.2701901624148542,
    0.250868251377886,
    0.24405552954836326,
    0.24171641976995903,
    0.23808251185850662,
    0.2345089644870975,
    0.23051086034287105,
    0.22802893343296918,
    0.22602677751671185,
    0.2239858481017026,
    0.22163543409921907,
    0.2178390215743672,
    0.21195177192037756
  ],
  "test_accuracies": [
    0.9766666666666667,
    0.9766666666666667,
    0.9766666666666667,
    0.98,
    0.9833333333333333,
    0.9833333333333333,
    0.9866666666666667,
    0.9833333333333333,
    0.9833333333333333,
    0.9833333333333333,
    0.9833333333333333,
    0.9833333333333333,
    0.9833333333333333,
    0.9833333333333333,
    0.9833333333333333
  ],
  "best_accuracy": 0.9866666666666667,
  "best_epoch": 7,
  "final_loss": 0.21195177192037756,
  "final_accuracy": 0.9833333333333333
}