{
  "train_losses": [
    0.6463537785139951,
    0.5844837088476528,
    0.5640916932712902,
    0.5483270897106691,
    0.5333717925982042,
    0.5250003175301985,
    0.5178752947937358,
    0.5133132805878465,
    0.510062659328634,
    0.508865590122613,
    0.507695962082256,
    0.5063353776931763,
    0.5065346827561205,
    0.506492020054297,
    0.506774751977487
  ],
  "test_accuracies": [
    0.83,
    0.8666666666666667,
    0.8733333333333333,
    0.8733333333333333,
    0.86,
    0.8533333333333334,
    0.8566666666666667,
    0.8533333333333334,
    0.8566666666666667,
    0.8533333333333334,
    0.83,
    0.8666666666666667,
    0.8633333333333333,
    0.86,
    0.8533333333333334
  ],
  "best_accuracy": 0.8733333333333333,
  "best_epoch": 3,
  "final_loss": 0.506774751977487,
  "final_accuracy": 0.8533333333333334
}