{
  "train_losses": [
    0.18605519432061224,
    0.052353345621998996,
    0.04080406375843185,
    0.048440391259977005,
    0.02435979873222426,
    0.02570489845939764,
    0.008996092543715018,
    0.008201428269206768,
    0.005518012234295549,
    0.006120585919151464,
    0.0022052790167931976,
    0.003912014118379209,
    0.005649689653926709,
    0.0023036495827620292,
    0.0011125591068279887
  ],
  "test_accuracies": [
    0.9966666666666667,
    0.9933333333333333,
    0.9933333333333333,
    0.9933333333333333,
    0.9966666666666667,
    0.9966666666666667,
    0.99,
    0.9966666666666667,
    0.9966666666666667,
    0.9966666666666667,
    0.9966666666666667,
    0.9966666666666667,
    0.9966666666666667,
    0.9966666666666667,
    0.9966666666666667
  ],
  "best_accuracy": 0.9966666666666667,
  "best_epoch": 1,
  "final_loss": 0.0011125591068279887,
  "final_accuracy": 0.9966666666666667
}