{
  "train_losses": [
    0.7721531052481044,
    0.6927795491435311,
    0.685042833740061,
    0.6864945563403043,
    0.6829136406833475,
    0.6748585077849302,
    0.674712052399462,
    0.6704187040979211,
    0.6744108755480159,
    0.6618898741223596,
    0.6660938154567372,
    0.6580569568005475,
    0.6602184244177558,
    0.6585363989526575,
    0.655071194876324
  ],
  "test_accuracies": [
    0.6,
    0.49666666666666665,
    0.58,
    0.52,
    0.5666666666666667,
    0.5366666666666666,
    0.56,
    0.5266666666666666,
    0.5733333333333334,
    0.5666666666666667,
    0.5866666666666667,
    0.59,
    0.6166666666666667,
    0.5833333333333334,
    0.5566666666666666
  ],
  "best_accuracy": 0.6166666666666667,
  "best_epoch": 13,
  "final_loss": 0.655071194876324,
  "final_accuracy": 0.5566666666666666
}