{
  "train_losses": [
    0.7248822504823859,
    0.6950747262347828,
    0.6941942139105364,
    0.6936999559402466,
    0.6942307393659245,
    0.6942000727761876,
    0.6935709877447649,
    0.6933986625888131,
    0.6934721226041968,
    0.6933417144146833
  ],
  "test_accuracies": [
    0.5,
    0.5,
    0.5,
    0.5,
    0.5,
    0.5,
    0.5,
    0.5,
    0.5,
    0.5
  ],
  "best_accuracy": 0.5,
  "best_epoch": 1,
  "final_loss": 0.6933417144146833,
  "final_accuracy": 0.5
}