model,class_a,class_b,trial,seed,accuracy,precision,recall,f1score,duration_seconds
QuantumNN,6,9,1,1732,0.9933333333333333,0.9934210526315788,0.9933333333333333,0.9933330370238677,36.687612
