{
  "train_losses": [
    0.6553713828325272,
    0.603817880153656,
    0.5846862887794321,
    0.5715820789337158,
    0.5607322197068821,
    0.5564137074080381,
    0.5539615018801256,
    0.5529308468103409,
    0.5527936111796986,
    0.5522924851287495
  ],
  "test_accuracies": [
    0.66,
    0.8133333333333334,
    0.8666666666666667,
    0.9066666666666666,
    0.9266666666666666,
    0.9266666666666666,
    0.93,
    0.93,
    0.9266666666666666,
    0.9266666666666666
  ],
  "best_accuracy": 0.93,
  "best_epoch": 7,
  "final_loss": 0.5522924851287495,
  "final_accuracy": 0.9266666666666666
}