{
  "train_losses": [
    0.6433112201365557,
    0.5985194674947045,
    0.5776275355707515,
    0.5663741867650639,
    0.5576746219938452,
    0.552024470134215,
    0.5481220903721723,
    0.5453665784814141,
    0.5439832711761649,
    0.5428888323632154
  ],
  "test_accuracies": [
    0.9666666666666667,
    0.9933333333333333,
    0.9966666666666667,
    0.9966666666666667,
    0.9966666666666667,
    0.9966666666666667,
    0.9966666666666667,
    0.9966666666666667,
    0.9966666666666667,
    0.9966666666666667
  ],
  "best_accuracy": 0.9966666666666667,
  "best_epoch": 3,
  "final_loss": 0.5428888323632154,
  "final_accuracy": 0.9966666666666667
}