{
  "train_losses": [
    0.6310985806313428,
    0.5670597173950889,
    0.551558949730613,
    0.5454001914371144,
    0.5402111492373727,
    0.5388185544447466,
    0.5375372076576407,
    0.5361449061469599,
    0.5360553149472583,
    0.535338435660709,
    0.5345078232613477,
    0.5345173302021894,
    0.5336918194185604,
    0.5341129560362209,
    0.5331943773410537
  ],
  "test_accuracies": [
    0.8933333333333333,
    0.9266666666666666,
    0.9233333333333333,
    0.9233333333333333,
    0.9166666666666666,
    0.9366666666666666,
    0.94,
    0.94,
    0.9433333333333334,
    0.94,
    0.94,
    0.94,
    0.9433333333333334,
    0.9433333333333334,
    0.94
  ],
  "best_accuracy": 0.9433333333333334,
  "best_epoch": 9,
  "final_loss": 0.5331943773410537,
  "final_accuracy": 0.94
}