{
  "train_losses": [
    0.5041364472020756,
    0.45179467445070093,
    0.43836291473020206,
    0.43111984770406375,
    0.4256078221581199,
    0.4206103113564578,
    0.41648848625746643,
    0.41445044021714816,
    0.41316982155496423,
    0.41288109530102124,
    0.4123846163803881,
    0.4121371033516797,
    0.411991300908002,
    0.41175891933116043,
    0.4116372520273382
  ],
  "test_accuracies": [
    0.9833333333333333,
    0.9866666666666667,
    0.9966666666666667,
    0.9966666666666667,
    1.0,
    1.0,
    1.0,
    1.0,
    1.0,
    1.0,
    1.0,
    1.0,
    1.0,
    1.0,
    1.0
  ],
  "best_accuracy": 1.0,
  "best_epoch": 5,
  "final_loss": 0.4116372520273382,
  "final_accuracy": 1.0
}