{
  "train_losses": [
    0.19901514933219874,
    0.020097782787822573,
    0.014002495575451494,
    0.011554196193504718,
    0.00851086381284073,
    0.002705929568368116,
    0.003646853776506925,
    0.0006875464055982858,
    0.0002003684619880501,
    0.0001510803363037832,
    0.0001486090071203059,
    9.86642691471347e-05,
    0.0001184351388432829,
    8.572792741419603e-05,
    9.424688454373609e-05
  ],
  "test_accuracies": [
    0.9933333333333333,
    1.0,
    0.9933333333333333,
    0.9933333333333333,
    0.9866666666666667,
    0.9966666666666667,
    0.99,
    0.9966666666666667,
    0.9966666666666667,
    0.9966666666666667,
    0.9966666666666667,
    0.9966666666666667,
    0.9966666666666667,
    0.9966666666666667,
    0.9966666666666667
  ],
  "best_accuracy": 1.0,
  "best_epoch": 2,
  "final_loss": 9.424688454373609e-05,
  "final_accuracy": 0.9966666666666667
}