{
  "train_losses": [
    0.13595290141793984,
    0.04913732569019141,
    0.026636357394719114,
    0.031186634064893456,
    0.02334917637811238,
    0.02451764308485012,
    0.032311980619190515,
    0.05040102983941159,
    0.010545213872154074,
    0.02318970517771132,
    0.021598880305398117,
    0.010548248835902996,
    0.003946047429425645,
    0.011064405590001446,
    0.015651838882811055
  ],
  "test_accuracies": [
    0.96,
    0.9866666666666667,
    0.98,
    0.9733333333333334,
    0.9833333333333333,
    0.99,
    0.9933333333333333,
    0.9933333333333333,
    0.9933333333333333,
    0.9833333333333333,
    0.9966666666666667,
    0.9933333333333333,
    0.9933333333333333,
    0.9933333333333333,
    0.99
  ],
  "best_accuracy": 0.9966666666666667,
  "best_epoch": 11,
  "final_loss": 0.015651838882811055,
  "final_accuracy": 0.99
}