{
    "num_trials": 5,
    "accuracy": [
        0.9933333333333333,
        0.9933333333333333,
        0.99,
        0.9766666666666667,
        0.9833333333333333
    ],
    "precision": [
        0.9933333333333333,
        0.9933333333333333,
        0.9900217787457221,
        0.9771968854282536,
        0.9833548157695897
    ],
    "recall": [
        0.9933333333333333,
        0.9933333333333333,
        0.99,
        0.9766666666666667,
        0.9833333333333333
    ],
    "f1score": [
        0.9933333333333333,
        0.9933333333333333,
        0.9899998888876543,
        0.9766601833842734,
        0.9833331481460906
    ],
    "accuracy_mean": 0.9873333333333333,
    "accuracy_std": 0.006463573143221757,
    "precision_mean": 0.9874480293220463,
    "recall_mean": 0.9873333333333333,
    "f1score_mean": 0.9873319774169371
}