{
  "train_losses": [
    0.6972457522695715,
    0.6937961591915651,
    0.6945509097792886,
    0.6934886425733566,
    0.6936005963520571,
    0.6936765651811253,
    0.6949620612642982,
    0.6944823657924478,
    0.6936746402220293,
    0.6935986158522692,
    0.6946022361516953,
    0.6939814957705411,
    0.6939928924495523,
    0.6935909891670401,
    0.6936164281585
  ],
  "test_accuracies": [
    0.5,
    0.5,
    0.5,
    0.5,
    0.5,
    0.5,
    0.5,
    0.5,
    0.5,
    0.5,
    0.5,
    0.5,
    0.5,
    0.5,
    0.5
  ],
  "best_accuracy": 0.5,
  "best_epoch": 1,
  "final_loss": 0.6936164281585,
  "final_accuracy": 0.5
}