{
    "num_trials": 1,
    "accuracy": [
        0.95
    ],
    "precision": [
        0.9505005561735261
    ],
    "recall": [
        0.95
    ],
    "f1score": [
        0.9499861072520145
    ],
    "accuracy_mean": 0.95,
    "accuracy_std": 0.0,
    "precision_mean": 0.9505005561735261,
    "recall_mean": 0.95,
    "f1score_mean": 0.9499861072520145
}