model,class_a,class_b,trial,seed,accuracy,precision,recall,f1score,duration_seconds
QuantumCNN,2,5,1,1292,0.9533333333333334,0.9536559331079879,0.9533333333333334,0.9533250355618778,33.147018
