{
  "train_losses": [
    0.6177547885613008,
    0.5425429371270266,
    0.5082582804289731,
    0.4936656118793921,
    0.48712263933636923,
    0.48061733692884445,
    0.4747900183905255,
    0.46885886043310165,
    0.4647351388226856,
    0.4624766287478534,
    0.45822631499984046,
    0.45651937411590054,
    0.45524080436338077,
    0.4560384770685976,
    0.45530752363530075
  ],
  "test_accuracies": [
    0.9233333333333333,
    0.9533333333333334,
    0.9166666666666666,
    0.91,
    0.9366666666666666,
    0.94,
    0.9266666666666666,
    0.9266666666666666,
    0.9166666666666666,
    0.9266666666666666,
    0.9433333333333334,
    0.9266666666666666,
    0.9333333333333333,
    0.9366666666666666,
    0.9333333333333333
  ],
  "best_accuracy": 0.9533333333333334,
  "best_epoch": 2,
  "final_loss": 0.45530752363530075,
  "final_accuracy": 0.9333333333333333
}