{
  "train_losses": [
    0.5486498847603798,
    0.4612401764501225,
    0.44698012146082794,
    0.439590720967813,
    0.43691467019644653,
    0.43511695821176877,
    0.43267189169471915,
    0.43035234307700937,
    0.42890094356103375,
    0.42740762707861985,
    0.4254409264434468,
    0.4232436642050743,
    0.4202544242143631,
    0.41676981476220215,
    0.4136076826940883
  ],
  "test_accuracies": [
    0.9866666666666667,
    0.99,
    0.9933333333333333,
    0.9966666666666667,
    0.9966666666666667,
    0.9966666666666667,
    0.9966666666666667,
    1.0,
    1.0,
    1.0,
    1.0,
    1.0,
    1.0,
    1.0,
    1.0
  ],
  "best_accuracy": 1.0,
  "best_epoch": 8,
  "final_loss": 0.4136076826940883,
  "final_accuracy": 1.0
}