{
  "train_losses": [
    0.588041602210565,
    0.47835339876738464,
    0.43184352124279196,
    0.400479985231703,
    0.38878277147358115,
    0.38273989206010645,
    0.3766881241039796,
    0.36955809593200684,
    0.3631166714158925,
    0.3578515919772061,
    0.3540355698628859,
    0.35023159059611236,
    0.3459925157102672,
    0.3425355418161912,
    0.33956102010878647
  ],
  "test_accuracies": [
    0.9066666666666666,
    0.94,
    0.9566666666666667,
    0.9633333333333334,
    0.9633333333333334,
    0.9633333333333334,
    0.9633333333333334,
    0.9566666666666667,
    0.9566666666666667,
    0.96,
    0.9533333333333334,
    0.9533333333333334,
    0.9533333333333334,
    0.9633333333333334,
    0.95
  ],
  "best_accuracy": 0.9633333333333334,
  "best_epoch": 4,
  "final_loss": 0.33956102010878647,
  "final_accuracy": 0.95
}