{
    "num_trials": 5,
    "accuracy": [
        0.9666666666666667,
        0.9733333333333334,
        0.9766666666666667,
        0.9633333333333334,
        0.9733333333333334
    ],
    "precision": [
        0.96741452991453,
        0.9740918803418803,
        0.9771968854282536,
        0.9650073598287168,
        0.9740918803418803
    ],
    "recall": [
        0.9666666666666667,
        0.9733333333333334,
        0.9766666666666667,
        0.9633333333333334,
        0.9733333333333334
    ],
    "f1score": [
        0.9666533279978657,
        0.9733226623982925,
        0.9766601833842734,
        0.9633003036065793,
        0.9733226623982925
    ],
    "accuracy_mean": 0.9706666666666667,
    "accuracy_std": 0.0048989794855663574,
    "precision_mean": 0.9715605071710524,
    "recall_mean": 0.9706666666666667,
    "f1score_mean": 0.9706518279570606
}