{
    "num_trials": 1,
    "accuracy": [
        0.9433333333333334
    ],
    "precision": [
        0.9491017964071856
    ],
    "recall": [
        0.9433333333333334
    ],
    "f1score": [
        0.943150784184771
    ],
    "accuracy_mean": 0.9433333333333334,
    "accuracy_std": 0.0,
    "precision_mean": 0.9491017964071856,
    "recall_mean": 0.9433333333333334,
    "f1score_mean": 0.943150784184771
}