{
  "train_losses": [
    0.08057464039137714,
    0.009493580026437602,
    0.0006445986006001062,
    9.608774624067254e-05,
    0.00017063538364358135,
    0.00019962271535818715,
    0.00023868214669743213,
    0.0003760529220926401,
    0.000149105095756981,
    0.00013607393055859905,
    0.00012642358772361396,
    0.0001747558947665146,
    0.00015689017397397203,
    0.00013254056685499646,
    0.00015585315114466621
  ],
  "test_accuracies": [
    1.0,
    1.0,
    1.0,
    1.0,
    1.0,
    1.0,
    1.0,
    1.0,
    1.0,
    1.0,
    1.0,
    1.0,
    1.0,
    1.0,
    1.0
  ],
  "best_accuracy": 1.0,
  "best_epoch": 1,
  "final_loss": 0.00015585315114466621,
  "final_accuracy": 1.0
}