{
  "train_losses": [
    0.6887555921619589,
    0.6852478479797189,
    0.6840969689867713,
    0.6829230514439669,
    0.682766623117707,
    0.6823586225509644,
    0.6823180399157784,
    0.6813444197177887,
    0.6823919212276285,
    0.6816411194476214,
    0.683003076098182,
    0.6823049986904318,
    0.681049560958689,
    0.6808542473749681,
    0.6810068664225665
  ],
  "test_accuracies": [
    0.57,
    0.5533333333333333,
    0.58,
    0.5666666666666667,
    0.5466666666666666,
    0.5766666666666667,
    0.5733333333333334,
    0.57,
    0.5633333333333334,
    0.5733333333333334,
    0.54,
    0.5733333333333334,
    0.5666666666666667,
    0.5633333333333334,
    0.5633333333333334
  ],
  "best_accuracy": 0.58,
  "best_epoch": 3,
  "final_loss": 0.6810068664225665,
  "final_accuracy": 0.5633333333333334
}