{
  "train_losses": [
    0.2908028928055005,
    0.14086894832805477,
    0.10392634532499043,
    0.07129707545655864,
    0.07797581414607438,
    0.08878747962510468,
    0.04957420979785225,
    0.06219376477582211,
    0.05772210060306613,
    0.03899358222208155,
    0.039877783036155794,
    0.03657726564746223,
    0.03742289034430128,
    0.030238591371347535,
    0.03465100419469474
  ],
  "test_accuracies": [
    0.9266666666666666,
    0.9766666666666667,
    0.9666666666666667,
    0.9233333333333333,
    0.98,
    0.9866666666666667,
    0.98,
    0.99,
    0.98,
    0.9833333333333333,
    0.99,
    0.99,
    0.9933333333333333,
    0.99,
    0.98
  ],
  "best_accuracy": 0.9933333333333333,
  "best_epoch": 13,
  "final_loss": 0.03465100419469474,
  "final_accuracy": 0.98
}