{
  "train_losses": [
    0.3385661890814928,
    0.04263607788280668,
    0.02541797698226715,
    0.019620013619053432,
    0.017767801200865175,
    0.008835781110147682,
    0.016683339610856572,
    0.004994697973333215,
    0.003999413011818185,
    0.0019539672064803944,
    0.0012121649211125755,
    0.007421844345406664,
    0.02177015732470202,
    0.009490299427470332,
    0.02657122227372549
  ],
  "test_accuracies": [
    0.9733333333333334,
    0.9966666666666667,
    0.9966666666666667,
    0.9966666666666667,
    0.9966666666666667,
    0.9966666666666667,
    0.9966666666666667,
    0.9966666666666667,
    1.0,
    1.0,
    0.9966666666666667,
    0.9966666666666667,
    0.9933333333333333,
    0.9833333333333333,
    0.9933333333333333
  ],
  "best_accuracy": 1.0,
  "best_epoch": 9,
  "final_loss": 0.02657122227372549,
  "final_accuracy": 0.9933333333333333
}