{
  "train_losses": [
    0.15405121062080565,
    0.008370556399478863,
    0.001156811683379353,
    0.00043624650802278416,
    0.0011672925131320385,
    0.00014505558798108805,
    0.000124632129789213,
    0.00013181478694109089,
    0.00021511973316344003,
    9.521944476050108e-05,
    0.00010088649279086067,
    0.00010071898480584258,
    0.0001304035476178714,
    0.00011850137777649003,
    0.00010050438971699226
  ],
  "test_accuracies": [
    1.0,
    1.0,
    1.0,
    1.0,
    1.0,
    1.0,
    1.0,
    1.0,
    1.0,
    1.0,
    1.0,
    1.0,
    1.0,
    1.0,
    1.0
  ],
  "best_accuracy": 1.0,
  "best_epoch": 1,
  "final_loss": 0.00010050438971699226,
  "final_accuracy": 1.0
}