{
  "train_losses": [
    0.6155138842084191,
    0.5311976786364209,
    0.5115411660887978,
    0.5058385783975775,
    0.5002567591992292,
    0.4964881830594756,
    0.4949542439796708,
    0.49299891699444165,
    0.49213895946741104,
    0.4911037412556735,
    0.4894991523840211,
    0.4885832064531066,
    0.48842914741147647,
    0.48833514004945755,
    0.4882326844063672
  ],
  "test_accuracies": [
    0.98,
    0.9766666666666667,
    0.9766666666666667,
    0.9766666666666667,
    0.9766666666666667,
    0.98,
    0.98,
    0.98,
    0.98,
    0.98,
    0.9766666666666667,
    0.9766666666666667,
    0.98,
    0.9766666666666667,
    0.98
  ],
  "best_accuracy": 0.98,
  "best_epoch": 1,
  "final_loss": 0.4882326844063672,
  "final_accuracy": 0.98
}