{
  "train_losses": [
    0.7948372811079025,
    0.6872054487466812,
    0.6925981098955328,
    0.6965943629091437,
    0.691169948740439,
    0.6952803771604191,
    0.6928486498919401,
    0.6911526024341583,
    0.6938885897397995,
    0.6906244578686628,
    0.6868859123099934,
    0.6828752796758305,
    0.6767105229876258,
    0.6790155199441043,
    0.6683416258205067
  ],
  "test_accuracies": [
    0.49666666666666665,
    0.5666666666666667,
    0.5,
    0.5266666666666666,
    0.5466666666666666,
    0.5766666666666667,
    0.5633333333333334,
    0.5,
    0.49666666666666665,
    0.5666666666666667,
    0.5433333333333333,
    0.58,
    0.5633333333333334,
    0.57,
    0.5633333333333334
  ],
  "best_accuracy": 0.58,
  "best_epoch": 12,
  "final_loss": 0.6683416258205067,
  "final_accuracy": 0.5633333333333334
}