{
  "train_losses": [
    0.6457307203249498,
    0.6040389293974097,
    0.5773986374790018,
    0.5630244179205461,
    0.553666740655899,
    0.5459104654463854,
    0.5421233082359488,
    0.5404848469929262,
    0.5390502322803844,
    0.5381571352481842,
    0.5365507033738223,
    0.5354689386757937,
    0.5339871042154052,
    0.533071210438555,
    0.5328711901198734
  ],
  "test_accuracies": [
    0.8766666666666667,
    0.87,
    0.9333333333333333,
    0.94,
    0.94,
    0.9466666666666667,
    0.94,
    0.94,
    0.9466666666666667,
    0.9433333333333334,
    0.94,
    0.9466666666666667,
    0.9433333333333334,
    0.9433333333333334,
    0.9433333333333334
  ],
  "best_accuracy": 0.9466666666666667,
  "best_epoch": 6,
  "final_loss": 0.5328711901198734,
  "final_accuracy": 0.9433333333333334
}