{
  "train_losses": [
    0.5605727264826948,
    0.47046453912149777,
    0.4349991482767192,
    0.4162359562787143,
    0.4077430618080226,
    0.39906641976399854,
    0.3915241834792224,
    0.38572447950189764,
    0.3825094307010824,
    0.3782868974588134,
    0.37630661780183966,
    0.37365993044593115,
    0.37266411835497076,
    0.3717851015654477,
    0.37051599472761154
  ],
  "test_accuracies": [
    0.96,
    0.96,
    0.96,
    0.9533333333333334,
    0.96,
    0.9566666666666667,
    0.9666666666666667,
    0.9633333333333334,
    0.97,
    0.97,
    0.9666666666666667,
    0.9666666666666667,
    0.97,
    0.97,
    0.9766666666666667
  ],
  "best_accuracy": 0.9766666666666667,
  "best_epoch": 15,
  "final_loss": 0.37051599472761154,
  "final_accuracy": 0.9766666666666667
}