{
  "train_losses": [
    1.0390065894885496,
    0.6918794309551065,
    0.694166820157658,
    0.6943853185935454,
    0.6917383955283598,
    0.6902597004717047,
    0.6928883032365278,
    0.6831189190799539,
    0.6823005703362551,
    0.6778709319504824,
    0.6880048377947374,
    0.6855179924856533,
    0.6777669137174432,
    0.6892582015557722,
    0.6804683696139943
  ],
  "test_accuracies": [
    0.5,
    0.5166666666666667,
    0.5,
    0.5,
    0.56,
    0.5633333333333334,
    0.51,
    0.5433333333333333,
    0.51,
    0.5866666666666667,
    0.5266666666666666,
    0.5833333333333334,
    0.51,
    0.51,
    0.5633333333333334
  ],
  "best_accuracy": 0.5866666666666667,
  "best_epoch": 10,
  "final_loss": 0.6804683696139943,
  "final_accuracy": 0.5633333333333334
}