{
    "num_trials": 1,
    "accuracy": [
        0.8566666666666667
    ],
    "precision": [
        0.8568093904228359
    ],
    "recall": [
        0.8566666666666667
    ],
    "f1score": [
        0.8566523318998566
    ],
    "accuracy_mean": 0.8566666666666667,
    "accuracy_std": 0.0,
    "precision_mean": 0.8568093904228359,
    "recall_mean": 0.8566666666666667,
    "f1score_mean": 0.8566523318998566
}