model,class_a,class_b,trial,seed,accuracy,precision,recall,f1score,duration_seconds
QuantumCNN,4,9,1,1532,0.8566666666666667,0.8568093904228359,0.8566666666666667,0.8566523318998566,33.056237
