{
  "train_losses": [
    0.5597121783278205,
    0.46614114195108414,
    0.446772229265083,
    0.4346024610779502,
    0.42337542840025644,
    0.41386715187267825,
    0.40882726826451044,
    0.40706705166534946,
    0.4047196534546939,
    0.4023987650871277,
    0.3994244323535399,
    0.3962353197011081,
    0.39476343312046747,
    0.39207181469960645,
    0.3906867578625679
  ],
  "test_accuracies": [
    0.9066666666666666,
    0.9433333333333334,
    0.9366666666666666,
    0.9466666666666667,
    0.9433333333333334,
    0.9466666666666667,
    0.9333333333333333,
    0.9366666666666666,
    0.94,
    0.94,
    0.93,
    0.94,
    0.9433333333333334,
    0.9366666666666666,
    0.95
  ],
  "best_accuracy": 0.95,
  "best_epoch": 15,
  "final_loss": 0.3906867578625679,
  "final_accuracy": 0.95
}