{
  "train_losses": [
    0.625488896261562,
    0.5210550203919411,
    0.47391205348751764,
    0.45587908747521316,
    0.43962335789745505,
    0.4276992543177171,
    0.4154426502910527,
    0.4041204804723913,
    0.39921102808280423,
    0.3955046520991759,
    0.38843957537954504,
    0.378074630417607,
    0.35578483546322043,
    0.3331953226165338,
    0.3253865878690373
  ],
  "test_accuracies": [
    0.7966666666666666,
    0.9266666666666666,
    0.9433333333333334,
    0.95,
    0.9733333333333334,
    0.97,
    0.95,
    0.9566666666666667,
    0.9533333333333334,
    0.96,
    0.95,
    0.9666666666666667,
    0.9733333333333334,
    0.98,
    0.98
  ],
  "best_accuracy": 0.98,
  "best_epoch": 14,
  "final_loss": 0.3253865878690373,
  "final_accuracy": 0.98
}