{
  "train_losses": [
    0.5262220617045056,
    0.38602185994386673,
    0.3409151258793744,
    0.32635878500613297,
    0.3181449696421623,
    0.31219288435849274,
    0.3060248297723857,
    0.30172336575659836,
    0.2985074432058768,
    0.2962519472295588,
    0.2939035641876134,
    0.29271972247145395,
    0.29181410101327027,
    0.29118433459238574,
    0.29108371111479675
  ],
  "test_accuracies": [
    0.95,
    0.9433333333333334,
    0.95,
    0.9733333333333334,
    0.9666666666666667,
    0.9633333333333334,
    0.96,
    0.9633333333333334,
    0.96,
    0.9566666666666667,
    0.9566666666666667,
    0.9566666666666667,
    0.9566666666666667,
    0.96,
    0.96
  ],
  "best_accuracy": 0.9733333333333334,
  "best_epoch": 4,
  "final_loss": 0.29108371111479675,
  "final_accuracy": 0.96
}