{
  "train_losses": [
    0.625096707181497,
    0.5426647161895578,
    0.5275127095254984,
    0.5252087475223974,
    0.5252570516683839,
    0.5231443216854875,
    0.5227772200649435,
    0.5219318690625104,
    0.5211294726891951,
    0.5200006067752838,
    0.5187598852948709,
    0.5178784619678151,
    0.516473762691021,
    0.5163215547800064,
    0.5144493417306379
  ],
  "test_accuracies": [
    0.9266666666666666,
    0.9433333333333334,
    0.9433333333333334,
    0.9466666666666667,
    0.9466666666666667,
    0.9466666666666667,
    0.94,
    0.9533333333333334,
    0.94,
    0.95,
    0.95,
    0.9533333333333334,
    0.95,
    0.94,
    0.9566666666666667
  ],
  "best_accuracy": 0.9566666666666667,
  "best_epoch": 15,
  "final_loss": 0.5144493417306379,
  "final_accuracy": 0.9566666666666667
}