{
    "num_trials": 1,
    "accuracy": [
        0.9533333333333334
    ],
    "precision": [
        0.9534139402560455
    ],
    "recall": [
        0.9533333333333334
    ],
    "f1score": [
        0.9533312591670741
    ],
    "accuracy_mean": 0.9533333333333334,
    "accuracy_std": 0.0,
    "precision_mean": 0.9534139402560455,
    "recall_mean": 0.9533333333333334,
    "f1score_mean": 0.9533312591670741
}