{
  "train_losses": [
    0.24704073501793158,
    0.05000039170210419,
    0.04062502462131141,
    0.007491486449990506,
    0.01491053284656697,
    0.005460223817863152,
    0.0015507398239523436,
    0.0005790673418563198,
    0.0005189739062323249,
    0.0002642172928517539,
    0.00019500733093412816,
    0.0002243277020955826,
    0.00016864386873811037,
    0.00025391481116540405,
    0.0002820773262845416
  ],
  "test_accuracies": [
    0.98,
    0.9866666666666667,
    0.9833333333333333,
    0.99,
    0.9866666666666667,
    0.99,
    0.9933333333333333,
    0.99,
    0.9933333333333333,
    0.9933333333333333,
    0.9933333333333333,
    0.9933333333333333,
    0.9933333333333333,
    0.99,
    0.99
  ],
  "best_accuracy": 0.9933333333333333,
  "best_epoch": 7,
  "final_loss": 0.0002820773262845416,
  "final_accuracy": 0.99
}