model,class_a,class_b,trial,seed,accuracy,precision,recall,f1score,duration_seconds
QuantumCNN,0,9,1,1132,0.9466666666666667,0.9466666666666667,0.9466666666666667,0.9466666666666667,32.919359
