{
  "train_losses": [
    0.28915495256131346,
    0.16344783954661002,
    0.12806491600349545,
    0.11069530775685879,
    0.10320964389988645,
    0.09450678099793466,
    0.08104857711375436,
    0.0799011060946875,
    0.08243897474180399,
    0.10093936190771108,
    0.13089782444082879,
    0.09114779056769541,
    0.05512931068766524,
    0.05234975416467271,
    0.06068428345447914
  ],
  "test_accuracies": [
    0.93,
    0.9566666666666667,
    0.98,
    0.9633333333333334,
    0.93,
    0.9866666666666667,
    0.9933333333333333,
    0.99,
    0.98,
    0.9966666666666667,
    0.9933333333333333,
    0.99,
    0.9933333333333333,
    0.99,
    0.9833333333333333
  ],
  "best_accuracy": 0.9966666666666667,
  "best_epoch": 10,
  "final_loss": 0.06068428345447914,
  "final_accuracy": 0.9833333333333333
}