{
    "num_trials": 1,
    "accuracy": [
        0.9533333333333334
    ],
    "precision": [
        0.9562533548040794
    ],
    "recall": [
        0.9533333333333334
    ],
    "f1score": [
        0.953258547008547
    ],
    "accuracy_mean": 0.9533333333333334,
    "accuracy_std": 0.0,
    "precision_mean": 0.9562533548040794,
    "recall_mean": 0.9533333333333334,
    "f1score_mean": 0.953258547008547
}