model,class_a,class_b,trial,seed,accuracy,precision,recall,f1score,duration_seconds
QuantumCNN,1,9,1,1232,0.9533333333333334,0.9562533548040794,0.9533333333333334,0.953258547008547,33.012935
