{
    "num_trials": 1,
    "accuracy": [
        0.9533333333333334
    ],
    "precision": [
        0.9536559331079879
    ],
    "recall": [
        0.9533333333333334
    ],
    "f1score": [
        0.9533250355618778
    ],
    "accuracy_mean": 0.9533333333333334,
    "accuracy_std": 0.0,
    "precision_mean": 0.9536559331079879,
    "recall_mean": 0.9533333333333334,
    "f1score_mean": 0.9533250355618778
}