{
  "train_losses": [
    0.6423038393259048,
    0.6000833172689785,
    0.5876617729663849,
    0.5828965658491309,
    0.5801646831360731,
    0.5773634910583496,
    0.5756980045275255,
    0.5743957419287075,
    0.5735481774265115,
    0.5728746788068251,
    0.5725951045751572,
    0.5729128637097098,
    0.5732621645385568,
    0.5727038695053621,
    0.5721404200250452
  ],
  "test_accuracies": [
    0.8466666666666667,
    0.8266666666666667,
    0.89,
    0.86,
    0.8966666666666666,
    0.91,
    0.9033333333333333,
    0.88,
    0.8866666666666667,
    0.8833333333333333,
    0.88,
    0.87,
    0.88,
    0.88,
    0.87
  ],
  "best_accuracy": 0.91,
  "best_epoch": 6,
  "final_loss": 0.5721404200250452,
  "final_accuracy": 0.87
}