model,class_a,class_b,trial,seed,accuracy,precision,recall,f1score,duration_seconds
QuantumCNN,3,6,1,1402,0.9933333333333333,0.9933333333333333,0.9933333333333333,0.9933333333333333,33.368814
