model,class_a,class_b,trial,seed,accuracy,precision,recall,f1score,duration_seconds
QuantumCNN,6,8,1,1722,0.9666666666666667,0.9667496443812232,0.9666666666666667,0.9666651851193387,32.786386
