{
  "train_losses": [
    0.6192831071940336,
    0.578673167662187,
    0.5704741301861677,
    0.5642033842476931,
    0.5589657791636207,
    0.5523894957520745,
    0.5482742962512103,
    0.5453833775086836,
    0.5420551205223257,
    0.5395808748223565,
    0.5364566946571524,
    0.5330724167552862,
    0.5293070436878637,
    0.5261507291685451,
    0.5248897062106566
  ],
  "test_accuracies": [
    0.8366666666666667,
    0.85,
    0.8466666666666667,
    0.8166666666666667,
    0.8566666666666667,
    0.8633333333333333,
    0.8766666666666667,
    0.8766666666666667,
    0.8733333333333333,
    0.8633333333333333,
    0.8666666666666667,
    0.8733333333333333,
    0.8766666666666667,
    0.89,
    0.8933333333333333
  ],
  "best_accuracy": 0.8933333333333333,
  "best_epoch": 15,
  "final_loss": 0.5248897062106566,
  "final_accuracy": 0.8933333333333333
}