{
  "train_losses": [
    0.11704078666762277,
    0.027404902549250734,
    0.0029819112571580664,
    0.0038940759796722542,
    0.00039230848087790093,
    2.52210088256468e-05,
    3.6987751446882946e-05,
    5.538372515316455e-05,
    8.38828179687632e-05,
    0.00011618534948225219,
    9.796111178481873e-05,
    0.00010751830820316337,
    0.00011407776082705823,
    0.00010255040991647878,
    9.756313804907471e-05
  ],
  "test_accuracies": [
    0.9966666666666667,
    1.0,
    1.0,
    1.0,
    1.0,
    1.0,
    1.0,
    1.0,
    1.0,
    1.0,
    1.0,
    1.0,
    1.0,
    1.0,
    1.0
  ],
  "best_accuracy": 1.0,
  "best_epoch": 2,
  "final_loss": 9.756313804907471e-05,
  "final_accuracy": 1.0
}