{
    "num_trials": 1,
    "accuracy": [
        0.94
    ],
    "precision": [
        0.941255125690854
    ],
    "recall": [
        0.94
    ],
    "f1score": [
        0.9399573029710017
    ],
    "accuracy_mean": 0.94,
    "accuracy_std": 0.0,
    "precision_mean": 0.941255125690854,
    "recall_mean": 0.94,
    "f1score_mean": 0.9399573029710017
}