model,class_a,class_b,trial,seed,accuracy,precision,recall,f1score,duration_seconds
QuantumCNN,0,4,1,1082,0.9866666666666667,0.9866666666666667,0.9866666666666667,0.9866666666666667,34.768094
