{
  "train_losses": [
    0.6407153945077549,
    0.5508498766205527,
    0.5036011046983979,
    0.4873262582854791,
    0.4743316864425486,
    0.4674746624448083,
    0.462228733707558,
    0.457575260238214,
    0.4546708518808538,
    0.45327224785631354,
    0.4522037587382577,
    0.45163309099999344,
    0.45100387321277097,
    0.4506655606356534,
    0.4512218778783625
  ],
  "test_accuracies": [
    0.8266666666666667,
    0.96,
    0.9566666666666667,
    0.9633333333333334,
    0.97,
    0.9666666666666667,
    0.97,
    0.9833333333333333,
    0.9666666666666667,
    0.98,
    0.97,
    0.98,
    0.9666666666666667,
    0.97,
    0.9366666666666666
  ],
  "best_accuracy": 0.9833333333333333,
  "best_epoch": 8,
  "final_loss": 0.4512218778783625,
  "final_accuracy": 0.9366666666666666
}