{
  "train_losses": [
    0.6984395276416432,
    0.686744821342555,
    0.6837213283235376,
    0.6826554049145092,
    0.6815525483001362,
    0.6814265982671217,
    0.680998447266492,
    0.6824276501482184,
    0.6810243197462775,
    0.6802280436862599,
    0.6792618998072364,
    0.6794293265451085,
    0.6799441034143622,
    0.6810147017240524,
    0.6790798306465149
  ],
  "test_accuracies": [
    0.5466666666666666,
    0.5666666666666667,
    0.5833333333333334,
    0.6,
    0.5966666666666667,
    0.5833333333333334,
    0.5966666666666667,
    0.56,
    0.59,
    0.6,
    0.6,
    0.5666666666666667,
    0.59,
    0.59,
    0.5866666666666667
  ],
  "best_accuracy": 0.6,
  "best_epoch": 4,
  "final_loss": 0.6790798306465149,
  "final_accuracy": 0.5866666666666667
}