{
  "train_losses": [
    0.16292820761604657,
    0.03828236264764035,
    0.04738128068261589,
    0.021858187959878705,
    0.019842131513128566,
    0.05360002776763973,
    0.01786756875927412,
    0.022077224759910183,
    0.021271840811261263,
    0.0167108167687812,
    0.008855014287870621,
    0.011254563175539673,
    0.025660682179229545,
    0.01656991046837158,
    0.023913533790619113
  ],
  "test_accuracies": [
    0.9833333333333333,
    0.9733333333333334,
    0.99,
    0.9766666666666667,
    0.98,
    0.99,
    0.98,
    0.98,
    0.9766666666666667,
    0.9866666666666667,
    0.98,
    0.9866666666666667,
    0.9833333333333333,
    0.9733333333333334,
    0.9833333333333333
  ],
  "best_accuracy": 0.99,
  "best_epoch": 3,
  "final_loss": 0.023913533790619113,
  "final_accuracy": 0.9833333333333333
}