{
  "train_losses": [
    0.16405099870859308,
    0.025083055134349375,
    0.01693381148817769,
    0.025786517568473177,
    0.017467918332510057,
    0.022067360295378338,
    0.011957708543460203,
    0.011823859354618353,
    0.009558518616214233,
    0.009180800918991074,
    0.002638783941537523,
    0.0013224004195225543,
    0.0010201507163442743,
    0.0015972305574740114,
    0.0007744571831525801
  ],
  "test_accuracies": [
    0.9933333333333333,
    0.99,
    0.9933333333333333,
    0.9933333333333333,
    0.9933333333333333,
    0.9933333333333333,
    0.9966666666666667,
    0.9933333333333333,
    0.9966666666666667,
    1.0,
    1.0,
    0.9966666666666667,
    0.9933333333333333,
    1.0,
    1.0
  ],
  "best_accuracy": 1.0,
  "best_epoch": 10,
  "final_loss": 0.0007744571831525801,
  "final_accuracy": 1.0
}