{
    "num_trials": 3,
    "accuracy": [
        0.5966666666666667,
        0.5733333333333334,
        0.55
    ],
    "precision": [
        0.5982429197344054,
        0.5744047619047619,
        0.5624618288823497
    ],
    "recall": [
        0.5966666666666667,
        0.5733333333333334,
        0.55
    ],
    "f1score": [
        0.5950423364830041,
        0.5717917837548507,
        0.5263767234624785
    ],
    "accuracy_mean": 0.5733333333333334,
    "accuracy_std": 0.019051586888313595,
    "precision_mean": 0.5783698368405057,
    "recall_mean": 0.5733333333333334,
    "f1score_mean": 0.5644036145667778
}