{
  "train_losses": [
    0.09838034848698127,
    0.006670778299146398,
    0.009166182766875863,
    0.0021065771568890505,
    0.0006885059000296678,
    0.002784966434805111,
    0.01636274764158233,
    0.012181301404470187,
    0.004434331372150072,
    0.0005014897454781352,
    0.0007700564572339565,
    0.00011113567837190368,
    0.00017532318712069767,
    0.00020647504526426599,
    0.00020753209073311817
  ],
  "test_accuracies": [
    0.9966666666666667,
    0.9933333333333333,
    0.9966666666666667,
    0.9966666666666667,
    1.0,
    0.99,
    0.9966666666666667,
    0.99,
    0.9966666666666667,
    0.9966666666666667,
    0.9966666666666667,
    0.9966666666666667,
    0.9966666666666667,
    0.9966666666666667,
    0.9966666666666667
  ],
  "best_accuracy": 1.0,
  "best_epoch": 5,
  "final_loss": 0.00020753209073311817,
  "final_accuracy": 0.9966666666666667
}