{
  "train_losses": [
    0.6948114443909038,
    0.6886539310216904,
    0.6866293861107393,
    0.6861851201816038,
    0.6844579807736657,
    0.6839586360888048,
    0.6840101087635214,
    0.6833525774153796,
    0.6830827282233671,
    0.6826489933512427
  ],
  "test_accuracies": [
    0.54,
    0.57,
    0.58,
    0.5966666666666667,
    0.5766666666666667,
    0.57,
    0.5866666666666667,
    0.5733333333333334,
    0.6133333333333333,
    0.5933333333333334
  ],
  "best_accuracy": 0.6133333333333333,
  "best_epoch": 9,
  "final_loss": 0.6826489933512427,
  "final_accuracy": 0.5933333333333334
}