{
    "num_trials": 8,
    "accuracy": [
        0.9833333333333333,
        0.98,
        0.9866666666666667,
        0.9733333333333334,
        0.98,
        0.9833333333333333,
        0.98,
        0.9066666666666666
    ],
    "precision": [
        0.9838709677419354,
        0.9807692307692307,
        0.987012987012987,
        0.9746835443037974,
        0.9803415762319873,
        0.9835267440309456,
        0.9807692307692307,
        0.9213483146067415
    ],
    "recall": [
        0.9833333333333333,
        0.98,
        0.9866666666666667,
        0.9733333333333334,
        0.98,
        0.9833333333333333,
        0.98,
        0.9066666666666666
    ],
    "f1score": [
        0.9833287024173382,
        0.9799919967987194,
        0.9866642958748222,
        0.9733143568760007,
        0.9799964438122334,
        0.9833316664999833,
        0.9799919967987194,
        0.9058464849354376
    ],
    "accuracy_mean": 0.9716666666666667,
    "accuracy_std": 0.024832774042918906,
    "precision_mean": 0.9740403244333569,
    "recall_mean": 0.9716666666666667,
    "f1score_mean": 0.9715582430016567
}