{
  "train_losses": [
    0.6461100910197605,
    0.47325875474648044,
    0.4137975532900203,
    0.3765825812112201,
    0.34436137026006525,
    0.31634715470400726,
    0.2991877861998298,
    0.28983141549608926,
    0.28567540408535436,
    0.28399295021187176,
    0.2830412665551359,
    0.2833722108467059,
    0.28300909968939697,
    0.2837955762039531,
    0.2820539725097743
  ],
  "test_accuracies": [
    0.9533333333333334,
    0.9866666666666667,
    0.99,
    0.9866666666666667,
    0.9766666666666667,
    0.9766666666666667,
    0.9833333333333333,
    0.9866666666666667,
    0.9733333333333334,
    0.9866666666666667,
    0.98,
    0.9733333333333334,
    0.9866666666666667,
    0.9733333333333334,
    0.9733333333333334
  ],
  "best_accuracy": 0.99,
  "best_epoch": 3,
  "final_loss": 0.2820539725097743,
  "final_accuracy": 0.9733333333333334
}