{
  "train_losses": [
    0.6910382590510629,
    0.6872672194784338,
    0.6865218579769135,
    0.6848845265128396,
    0.6839540262113918,
    0.6835312342101877,
    0.6827051747928966,
    0.6815765635533766,
    0.6816321557218378,
    0.680816345594146
  ],
  "test_accuracies": [
    0.61,
    0.61,
    0.5933333333333334,
    0.5733333333333334,
    0.58,
    0.5866666666666667,
    0.58,
    0.6166666666666667,
    0.57,
    0.62
  ],
  "best_accuracy": 0.62,
  "best_epoch": 10,
  "final_loss": 0.680816345594146,
  "final_accuracy": 0.62
}