{
  "train_losses": [
    2.063703841783784,
    0.697818020528013,
    0.6894008151509545,
    0.6946825967593626,
    0.6721922931346026,
    0.6899058561433445,
    0.6924791471524672,
    0.6868527856740084,
    0.687938545237888,
    0.7029483182863756
  ],
  "test_accuracies": [
    0.5,
    0.5866666666666667,
    0.5,
    0.57,
    0.5166666666666667,
    0.5,
    0.5366666666666666,
    0.52,
    0.53,
    0.5
  ],
  "best_accuracy": 0.5866666666666667,
  "best_epoch": 2,
  "final_loss": 0.7029483182863756,
  "final_accuracy": 0.5
}