{
  "train_losses": [
    0.11601434595120902,
    0.0268560166798786,
    0.019908227579435334,
    0.027389839759548937,
    0.0201598325107749,
    0.0392224120961063,
    0.022465782323210573,
    0.03642067780112319,
    0.011803951061500067,
    0.010109355087479344,
    0.008892100152810268,
    0.01697557387673111,
    0.014082949330713745,
    0.012203841396430189,
    0.02201409271686895
  ],
  "test_accuracies": [
    0.99,
    0.9933333333333333,
    0.9966666666666667,
    0.9966666666666667,
    0.9866666666666667,
    0.9966666666666667,
    0.9966666666666667,
    0.9966666666666667,
    0.9966666666666667,
    0.9966666666666667,
    0.9966666666666667,
    0.9966666666666667,
    0.9966666666666667,
    0.9966666666666667,
    0.9933333333333333
  ],
  "best_accuracy": 0.9966666666666667,
  "best_epoch": 3,
  "final_loss": 0.02201409271686895,
  "final_accuracy": 0.9933333333333333
}