model,class_a,class_b,trial,seed,accuracy,precision,recall,f1score,duration_seconds
QuantumNN,0,4,1,1082,0.9833333333333333,0.9835267440309456,0.9833333333333333,0.9833316664999833,34.851917
