{
  "train_losses": [
    0.6909202255985953,
    0.6875065808946436,
    0.6866054738109763,
    0.685829455202276,
    0.6849383928559043,
    0.6854503100568597,
    0.6844272437420759,
    0.6834414343942296,
    0.6828398948365991,
    0.6818469342860308,
    0.6823661354455081,
    0.6815555176951669,
    0.6811382567340677,
    0.6815283068201758,
    0.6814251298254187
  ],
  "test_accuracies": [
    0.53,
    0.5366666666666666,
    0.54,
    0.5333333333333333,
    0.5433333333333333,
    0.51,
    0.5633333333333334,
    0.5666666666666667,
    0.55,
    0.5466666666666666,
    0.5466666666666666,
    0.55,
    0.5666666666666667,
    0.5633333333333334,
    0.57
  ],
  "best_accuracy": 0.57,
  "best_epoch": 15,
  "final_loss": 0.6814251298254187,
  "final_accuracy": 0.57
}