{
  "train_losses": [
    0.22004708355631342,
    0.082858770577745,
    0.08353552036516537,
    0.06560090009588748,
    0.06708608682542531,
    0.059961780929535795,
    0.07027043328641659,
    0.04447740115442271,
    0.04584680043097416,
    0.06607325812034436,
    0.03834076232041381,
    0.03689453729153187,
    0.0185516704018069,
    0.015073964811480519,
    0.014553630704044323
  ],
  "test_accuracies": [
    0.9666666666666667,
    0.9633333333333334,
    0.96,
    0.9666666666666667,
    0.9766666666666667,
    0.97,
    0.9766666666666667,
    0.9633333333333334,
    0.9766666666666667,
    0.98,
    0.98,
    0.98,
    0.98,
    0.98,
    0.98
  ],
  "best_accuracy": 0.98,
  "best_epoch": 10,
  "final_loss": 0.014553630704044323,
  "final_accuracy": 0.98
}