{
    "num_trials": 5,
    "accuracy": [
        0.5766666666666667,
        0.5566666666666666,
        0.58,
        0.55,
        0.55
    ],
    "precision": [
        0.5850130599773299,
        0.5799924712968192,
        0.5807030129124819,
        0.6018007420142973,
        0.5736497545008183
    ],
    "recall": [
        0.5766666666666667,
        0.5566666666666666,
        0.58,
        0.55,
        0.55
    ],
    "f1score": [
        0.5660147395518903,
        0.5218063495487721,
        0.5790833370451206,
        0.48441140150984713,
        0.5107218363032316
    ],
    "accuracy_mean": 0.5626666666666666,
    "accuracy_std": 0.01306394529484359,
    "precision_mean": 0.5842318081403494,
    "recall_mean": 0.5626666666666666,
    "f1score_mean": 0.5324075327917723
}