{
  "train_losses": [
    0.1831802177150492,
    0.01151140742833625,
    0.001902608666527654,
    0.0009821005035271148,
    0.001198269940377114,
    0.0004166872910321796,
    0.0025589241775130426,
    0.0018948985015573396,
    0.0007700752282847712,
    6.23834744456789e-05,
    0.0005257300622154369,
    9.433624580362283e-05,
    0.0001084079822765654,
    6.822942274001517e-05,
    6.466679827161153e-05
  ],
  "test_accuracies": [
    1.0,
    1.0,
    1.0,
    1.0,
    1.0,
    1.0,
    1.0,
    1.0,
    1.0,
    1.0,
    1.0,
    1.0,
    1.0,
    1.0,
    1.0
  ],
  "best_accuracy": 1.0,
  "best_epoch": 1,
  "final_loss": 6.466679827161153e-05,
  "final_accuracy": 1.0
}