{
  "train_losses": [
    0.13377897033106728,
    0.0017462526237285272,
    0.0002739254760874908,
    6.080011457305029e-05,
    0.00012038302674323053,
    6.67765053673396e-05,
    4.454102552968338e-05,
    9.126970395165948e-05,
    6.112841723196735e-05,
    0.006000952089417149,
    0.016842773300605917,
    0.005661463212861221,
    4.3141375487508835e-05,
    0.0001053848129992147,
    2.215288182707856e-05
  ],
  "test_accuracies": [
    1.0,
    1.0,
    1.0,
    1.0,
    1.0,
    1.0,
    1.0,
    1.0,
    1.0,
    0.9966666666666667,
    1.0,
    1.0,
    1.0,
    1.0,
    1.0
  ],
  "best_accuracy": 1.0,
  "best_epoch": 1,
  "final_loss": 2.215288182707856e-05,
  "final_accuracy": 1.0
}