{
  "train_losses": [
    0.11224317654705374,
    0.005404973327379345,
    0.002773434741687776,
    0.002062931913935079,
    0.0004643943026084426,
    0.00011815419801760899,
    8.788577284493923e-05,
    0.00010328309694655631,
    9.878642068046743e-05,
    0.0001431888711067586,
    0.0001496424760137994,
    0.00012305666332808457,
    0.00013711325930836955,
    0.00012434166542747832,
    0.00013075572527751237
  ],
  "test_accuracies": [
    1.0,
    1.0,
    1.0,
    1.0,
    1.0,
    1.0,
    1.0,
    1.0,
    1.0,
    1.0,
    1.0,
    1.0,
    1.0,
    1.0,
    1.0
  ],
  "best_accuracy": 1.0,
  "best_epoch": 1,
  "final_loss": 0.00013075572527751237,
  "final_accuracy": 1.0
}