{
  "train_losses": [
    0.17505313472395673,
    0.1752916408058602,
    0.12099328120630724,
    0.025405897250906983,
    1.693313570169411e-10,
    0.0,
    0.0,
    0.0,
    0.0,
    0.0
  ],
  "test_accuracies": [
    0.99,
    1.0,
    0.99,
    1.0,
    1.0,
    1.0,
    1.0,
    1.0,
    1.0,
    1.0
  ],
  "best_accuracy": 1.0,
  "best_epoch": 2,
  "final_loss": 0.0,
  "final_accuracy": 1.0
}