model,class_a,class_b,trial,seed,accuracy,precision,recall,f1score,duration_seconds
ClassicalNN,2,5,1,292,0.9833333333333333,0.9838709677419354,0.9833333333333333,0.9833287024173382,1.384561
