{
  "train_losses": [
    0.6577561348676682,
    0.5891972956332293,
    0.566003605723381,
    0.5516755391250957,
    0.5401454534042965,
    0.5302062251351096,
    0.5244267230684106,
    0.5205860950730063,
    0.5186366973952814,
    0.5155205977233973,
    0.5125379853627898,
    0.5091016570275481,
    0.5032300224358385,
    0.4981159256263213,
    0.4947023330764337
  ],
  "test_accuracies": [
    0.8133333333333334,
    0.8666666666666667,
    0.8533333333333334,
    0.8666666666666667,
    0.86,
    0.8533333333333334,
    0.8466666666666667,
    0.88,
    0.88,
    0.8833333333333333,
    0.8733333333333333,
    0.8933333333333333,
    0.9066666666666666,
    0.91,
    0.9366666666666666
  ],
  "best_accuracy": 0.9366666666666666,
  "best_epoch": 15,
  "final_loss": 0.4947023330764337,
  "final_accuracy": 0.9366666666666666
}