{
  "train_losses": [
    0.5840686342932961,
    0.5282459103248336,
    0.5193615291606296,
    0.5131560496308587,
    0.5100027952681888,
    0.5075696381655607,
    0.5051360617984425,
    0.5016907284205611,
    0.499030970714309,
    0.49709866534579883,
    0.4959785362536257,
    0.4965922480279749,
    0.49468260393901303,
    0.4942568330602212,
    0.49361532113768836
  ],
  "test_accuracies": [
    0.9333333333333333,
    0.9533333333333334,
    0.96,
    0.95,
    0.9633333333333334,
    0.9733333333333334,
    0.98,
    0.99,
    0.99,
    0.99,
    0.99,
    0.9866666666666667,
    0.9866666666666667,
    0.99,
    0.9866666666666667
  ],
  "best_accuracy": 0.99,
  "best_epoch": 8,
  "final_loss": 0.49361532113768836,
  "final_accuracy": 0.9866666666666667
}