{
    "num_trials": 1,
    "accuracy": [
        0.9
    ],
    "precision": [
        0.9058441558441558
    ],
    "recall": [
        0.9
    ],
    "f1score": [
        0.8996386993175433
    ],
    "accuracy_mean": 0.9,
    "accuracy_std": 0.0,
    "precision_mean": 0.9058441558441558,
    "recall_mean": 0.9,
    "f1score_mean": 0.8996386993175433
}