model,class_a,class_b,trial,seed,accuracy,precision,recall,f1score,duration_seconds
QuantumCNN,1,3,1,1172,0.9633333333333334,0.9633539268411929,0.9633333333333334,0.9633329259213991,32.758059
