{
    "num_trials": 5,
    "accuracy": [
        0.5533333333333333,
        0.5566666666666666,
        0.5133333333333333,
        0.5533333333333333,
        0.5566666666666666
    ],
    "precision": [
        0.5539471318108254,
        0.5574039890144523,
        0.5165343915343915,
        0.5533333333333333,
        0.5582857142857143
    ],
    "recall": [
        0.5533333333333333,
        0.5566666666666666,
        0.5133333333333333,
        0.5533333333333333,
        0.5566666666666666
    ],
    "f1score": [
        0.5520591905865573,
        0.5552384880337975,
        0.4885806361216197,
        0.5533333333333333,
        0.5535664335664336
    ],
    "accuracy_mean": 0.5466666666666666,
    "accuracy_std": 0.016733200530681516,
    "precision_mean": 0.5479009119957434,
    "recall_mean": 0.5466666666666666,
    "f1score_mean": 0.5405556163283484
}