{
  "train_losses": [
    0.14156165454913755,
    0.005170447367032952,
    0.003356815764928714,
    0.00019570422352899186,
    0.0006282984014970597,
    0.00018790090873401576,
    0.00022431349456879119,
    8.802144921818663e-05,
    0.00010890815046464427,
    0.0002211554391248104,
    0.00014938788680493334,
    0.00011468474719384341,
    0.00023334651045429794,
    0.00010621244192324494,
    0.00011256322429951318
  ],
  "test_accuracies": [
    1.0,
    1.0,
    1.0,
    1.0,
    1.0,
    1.0,
    1.0,
    1.0,
    1.0,
    1.0,
    1.0,
    1.0,
    1.0,
    1.0,
    1.0
  ],
  "best_accuracy": 1.0,
  "best_epoch": 1,
  "final_loss": 0.00011256322429951318,
  "final_accuracy": 1.0
}