{
    "num_trials": 1,
    "accuracy": [
        0.9233333333333333
    ],
    "precision": [
        0.9238042269187986
    ],
    "recall": [
        0.9233333333333333
    ],
    "f1score": [
        0.9233120311197555
    ],
    "accuracy_mean": 0.9233333333333333,
    "accuracy_std": 0.0,
    "precision_mean": 0.9238042269187986,
    "recall_mean": 0.9233333333333333,
    "f1score_mean": 0.9233120311197555
}