{
  "train_losses": [
    0.1627943163356659,
    0.02568644870718179,
    0.03258506270437713,
    0.009695064214941918,
    0.007683816143319497,
    0.013286249867302435,
    0.030644655800270728,
    0.016031785981361034,
    0.00859328697094952,
    0.011523994177227078,
    0.007282927411655361,
    0.0008442772367309524,
    0.0004468067257696682,
    0.00026217720797335045,
    0.00030995602033230665
  ],
  "test_accuracies": [
    0.9766666666666667,
    0.98,
    0.9966666666666667,
    0.9966666666666667,
    0.9966666666666667,
    0.9933333333333333,
    0.99,
    0.99,
    0.9833333333333333,
    0.9833333333333333,
    1.0,
    1.0,
    1.0,
    1.0,
    1.0
  ],
  "best_accuracy": 1.0,
  "best_epoch": 11,
  "final_loss": 0.00030995602033230665,
  "final_accuracy": 1.0
}