{
  "train_losses": [
    0.2817126212810928,
    0.08843928959686309,
    0.0728896030288359,
    0.049801881331156685,
    0.029607614054508635,
    0.03288592576824489,
    0.03735741267552261,
    0.025700723613805498,
    0.010327685947810427,
    0.018143514685437945,
    0.023960450251582766,
    0.02277561471840851,
    0.02234613648595934,
    0.0078068965290599,
    0.0012990532323287466
  ],
  "test_accuracies": [
    0.97,
    0.9666666666666667,
    0.9633333333333334,
    0.9766666666666667,
    0.9733333333333334,
    0.9733333333333334,
    0.9833333333333333,
    0.9766666666666667,
    0.98,
    0.9733333333333334,
    0.9833333333333333,
    0.98,
    0.9733333333333334,
    0.9833333333333333,
    0.9866666666666667
  ],
  "best_accuracy": 0.9866666666666667,
  "best_epoch": 15,
  "final_loss": 0.0012990532323287466,
  "final_accuracy": 0.9866666666666667
}