{
  "train_losses": [
    0.5247983986681158,
    0.4299388202753934,
    0.4002431739460338,
    0.38218499245968734,
    0.37115578014742245,
    0.36406594243916596,
    0.3581175363876603,
    0.35460357842120255,
    0.3518698201938109,
    0.34897240793163126,
    0.34741219878196716,
    0.3402305021882057,
    0.33878103169527923,
    0.3353360186923634,
    0.33304701339114795
  ],
  "test_accuracies": [
    0.9466666666666667,
    0.95,
    0.9466666666666667,
    0.94,
    0.9366666666666666,
    0.95,
    0.95,
    0.9633333333333334,
    0.9666666666666667,
    0.9433333333333334,
    0.9566666666666667,
    0.9533333333333334,
    0.9633333333333334,
    0.96,
    0.9333333333333333
  ],
  "best_accuracy": 0.9666666666666667,
  "best_epoch": 9,
  "final_loss": 0.33304701339114795,
  "final_accuracy": 0.9333333333333333
}