{
  "train_losses": [
    0.4499773528765548,
    0.13386211324144492,
    0.09718110407067632,
    0.03909881834988482,
    0.03807077568754638,
    0.047289779446807435,
    0.04075561003992334,
    0.0239559099070241,
    0.01510443952230906,
    0.016185574064324595,
    0.009829270800847471,
    0.03142201628923596,
    0.023866251679382087,
    0.02252157630308912,
    0.004613535968019278
  ],
  "test_accuracies": [
    0.9466666666666667,
    0.9066666666666666,
    0.9666666666666667,
    0.9833333333333333,
    0.9733333333333334,
    0.95,
    0.9833333333333333,
    0.97,
    0.9766666666666667,
    0.9766666666666667,
    0.9866666666666667,
    0.99,
    0.9666666666666667,
    0.9933333333333333,
    0.9866666666666667
  ],
  "best_accuracy": 0.9933333333333333,
  "best_epoch": 14,
  "final_loss": 0.004613535968019278,
  "final_accuracy": 0.9866666666666667
}