{
  "train_losses": [
    0.2312718079968087,
    0.006442996501499982,
    0.0025603687976172296,
    0.0008607237383661083,
    0.0002403583965918766,
    7.800761777203165e-05,
    0.00015331788948587516,
    6.905248017636205e-05,
    5.9320752776350425e-05,
    3.5929099688949215e-05
  ],
  "test_accuracies": [
    1.0,
    1.0,
    1.0,
    1.0,
    1.0,
    1.0,
    1.0,
    1.0,
    1.0,
    1.0
  ],
  "best_accuracy": 1.0,
  "best_epoch": 1,
  "final_loss": 3.5929099688949215e-05,
  "final_accuracy": 1.0
}