{
  "train_losses": [
    0.3112893221391873,
    0.1424321635964919,
    0.13285840165124022,
    0.07653349077075043,
    0.0769554226690988,
    0.07658990097380328,
    0.0686657364660112,
    0.07585783014920625,
    0.07296232934194533,
    0.06402196802876213,
    0.050214284787547185,
    0.0635515566735359,
    0.05734772633877583,
    0.04985967741760595,
    0.07045996239652265
  ],
  "test_accuracies": [
    0.9633333333333334,
    0.94,
    0.9533333333333334,
    0.97,
    0.9566666666666667,
    0.95,
    0.9733333333333334,
    0.9666666666666667,
    0.9733333333333334,
    0.9666666666666667,
    0.9633333333333334,
    0.9733333333333334,
    0.9733333333333334,
    0.9366666666666666,
    0.9533333333333334
  ],
  "best_accuracy": 0.9733333333333334,
  "best_epoch": 7,
  "final_loss": 0.07045996239652265,
  "final_accuracy": 0.9533333333333334
}