{
  "train_losses": [
    0.6196407323533838,
    0.5498845015059818,
    0.5053192708979953,
    0.48048312691125,
    0.46535335142504086,
    0.4518218853256919,
    0.4426052170720967,
    0.43175719949332153,
    0.4175461388447068,
    0.4056410708210685,
    0.40036184747110715,
    0.3977424427866936,
    0.3969355814836242,
    0.394676074385643,
    0.3931291116909547
  ],
  "test_accuracies": [
    0.8066666666666666,
    0.89,
    0.93,
    0.9633333333333334,
    0.9533333333333334,
    0.9533333333333334,
    0.9666666666666667,
    0.97,
    0.97,
    0.97,
    0.9733333333333334,
    0.9766666666666667,
    0.96,
    0.96,
    0.97
  ],
  "best_accuracy": 0.9766666666666667,
  "best_epoch": 12,
  "final_loss": 0.3931291116909547,
  "final_accuracy": 0.97
}