{
  "train_losses": [
    0.18287178882482377,
    0.03045016822910508,
    0.0144248260080944,
    0.007509793758469063,
    0.00843705463036961,
    0.0007552801542012523,
    0.0002623557370084613,
    0.00028162432954559335,
    0.00025678449531534915,
    0.0001995225634655898,
    0.0001471450166315497,
    0.00015855200719918437,
    0.00017445774239438998,
    0.00015990675786848772,
    0.00014166089098663096
  ],
  "test_accuracies": [
    0.99,
    0.9933333333333333,
    0.9966666666666667,
    0.9966666666666667,
    0.9933333333333333,
    0.9933333333333333,
    0.9933333333333333,
    0.9933333333333333,
    0.9933333333333333,
    0.9933333333333333,
    0.9933333333333333,
    0.9933333333333333,
    0.9933333333333333,
    0.9933333333333333,
    0.9933333333333333
  ],
  "best_accuracy": 0.9966666666666667,
  "best_epoch": 3,
  "final_loss": 0.00014166089098663096,
  "final_accuracy": 0.9933333333333333
}