{
  "train_losses": [
    0.6092926846309141,
    0.5106961158188906,
    0.47389503162015567,
    0.45020405474034225,
    0.41099837896498764,
    0.38528545810417697,
    0.37500727379863913,
    0.3706511177799918,
    0.3654617890715599,
    0.36227256059646606,
    0.35677847266197205,
    0.35471234064210544,
    0.35172686590389773,
    0.3482706465504386,
    0.3432825045152144
  ],
  "test_accuracies": [
    0.9566666666666667,
    0.9566666666666667,
    0.96,
    0.9633333333333334,
    0.9766666666666667,
    0.9766666666666667,
    0.9766666666666667,
    0.9733333333333334,
    0.9766666666666667,
    0.9666666666666667,
    0.9666666666666667,
    0.97,
    0.9733333333333334,
    0.97,
    0.9733333333333334
  ],
  "best_accuracy": 0.9766666666666667,
  "best_epoch": 5,
  "final_loss": 0.3432825045152144,
  "final_accuracy": 0.9733333333333334
}