model,class_a,class_b,trial,seed,accuracy,precision,recall,f1score,duration_seconds
QuantumNN,5,7,1,1612,0.9866666666666667,0.98675320056899,0.9866666666666667,0.9866660740477353,34.879519
