{
    "num_trials": 1,
    "accuracy": [
        0.9733333333333334
    ],
    "precision": [
        0.9746835443037974
    ],
    "recall": [
        0.9733333333333334
    ],
    "f1score": [
        0.9733143568760007
    ],
    "accuracy_mean": 0.9733333333333334,
    "accuracy_std": 0.0,
    "precision_mean": 0.9746835443037974,
    "recall_mean": 0.9733333333333334,
    "f1score_mean": 0.9733143568760007
}