{
  "train_losses": [
    0.6223944249478254,
    0.5767985514619134,
    0.5604028742421757,
    0.5532925454053012,
    0.5498642921447754,
    0.5466352687640623,
    0.5423389984802767,
    0.5395596880804409,
    0.5355687466534701,
    0.532992803237655,
    0.5321203984997489,
    0.5308455310084603,
    0.5270214223048904,
    0.526046719063412,
    0.5250104733488776
  ],
  "test_accuracies": [
    0.8933333333333333,
    0.91,
    0.93,
    0.9233333333333333,
    0.93,
    0.93,
    0.9366666666666666,
    0.9433333333333334,
    0.9333333333333333,
    0.9333333333333333,
    0.9333333333333333,
    0.9333333333333333,
    0.9466666666666667,
    0.9433333333333334,
    0.9333333333333333
  ],
  "best_accuracy": 0.9466666666666667,
  "best_epoch": 13,
  "final_loss": 0.5250104733488776,
  "final_accuracy": 0.9333333333333333
}