{
    "num_trials": 1,
    "accuracy": [
        0.9766666666666667
    ],
    "precision": [
        0.9766878527934576
    ],
    "recall": [
        0.9766666666666667
    ],
    "f1score": [
        0.9766664074045267
    ],
    "accuracy_mean": 0.9766666666666667,
    "accuracy_std": 0.0,
    "precision_mean": 0.9766878527934576,
    "recall_mean": 0.9766666666666667,
    "f1score_mean": 0.9766664074045267
}