{
  "train_losses": [
    0.1744648607893566,
    0.002514664820792363,
    0.00035924171633940197,
    3.476165069916558e-05,
    1.2563216927542374e-05,
    0.00029586859558024384,
    0.00618488614884306,
    0.005238726625004181,
    0.012559701573712929,
    0.009463244341975091
  ],
  "test_accuracies": [
    1.0,
    1.0,
    1.0,
    1.0,
    1.0,
    1.0,
    1.0,
    1.0,
    1.0,
    1.0
  ],
  "best_accuracy": 1.0,
  "best_epoch": 1,
  "final_loss": 0.009463244341975091,
  "final_accuracy": 1.0
}