{
    "num_trials": 5,
    "accuracy": [
        0.9866666666666667,
        0.9833333333333333,
        0.9833333333333333,
        0.9833333333333333,
        0.9866666666666667
    ],
    "precision": [
        0.987012987012987,
        0.9835267440309456,
        0.9838709677419354,
        0.9835267440309456,
        0.987012987012987
    ],
    "recall": [
        0.9866666666666667,
        0.9833333333333333,
        0.9833333333333333,
        0.9833333333333333,
        0.9866666666666667
    ],
    "f1score": [
        0.9866642958748222,
        0.9833316664999833,
        0.9833287024173382,
        0.9833316664999833,
        0.9866642958748222
    ],
    "accuracy_mean": 0.9846666666666666,
    "accuracy_std": 0.0016329931618554898,
    "precision_mean": 0.9849900859659602,
    "recall_mean": 0.9846666666666666,
    "f1score_mean": 0.98466412543339
}