model,class_a,class_b,trial,seed,accuracy,precision,recall,f1score,duration_seconds
ClassicalCNN,3,5,1,392,0.9766666666666667,0.976857409630519,0.9766666666666667,0.9766643330999767,2.016825
