model,class_a,class_b,trial,seed,accuracy,precision,recall,f1score,duration_seconds
ClassicalNN,7,8,1,822,0.9866666666666667,0.987012987012987,0.9866666666666667,0.9866642958748222,1.533096
