{
  "train_losses": [
    0.5361029614101757,
    0.3785337419672446,
    0.3340185663916848,
    0.3197355114600875,
    0.3122156330130317,
    0.30496603284369816,
    0.2952831739729101,
    0.2850061353634704,
    0.2694526633078402,
    0.25239102813330566,
    0.2363229932432825,
    0.22984220764853738,
    0.22620579024607484,
    0.2229621379890225,
    0.22187037935311144
  ],
  "test_accuracies": [
    0.94,
    0.9533333333333334,
    0.9633333333333334,
    0.9766666666666667,
    0.98,
    0.98,
    0.9833333333333333,
    0.98,
    0.98,
    0.9833333333333333,
    0.99,
    0.99,
    0.9833333333333333,
    0.99,
    0.99
  ],
  "best_accuracy": 0.99,
  "best_epoch": 11,
  "final_loss": 0.22187037935311144,
  "final_accuracy": 0.99
}