{
  "train_losses": [
    4.300988785245202,
    0.6936545236544176,
    0.6909778267145157,
    0.691288869489323,
    0.6811048754236915,
    0.672087470238859,
    0.6783744719895449,
    0.6659134314818815,
    0.6912406330758875,
    0.6808813796802,
    0.6672716614874926,
    0.6670813736590472,
    0.6720134046944705,
    0.6658584868366068,
    0.6640483926643025,
    0.6588229902765967,
    0.6532729471271689,
    0.6494812328707088,
    0.6682825847105547,
    0.6520342894575812,
    0.6456575407223268,
    0.6437574855305932,
    0.6413354833017696,
    0.6412482573227449,
    0.6383403485471552,
    0.6370870118791406,
    0.6359206397425045,
    0.6331736702810634,
    0.6313198628750715,
    0.617594613270326,
    0.6232595091516321,
    0.6227563186125322,
    0.6195837753740224,
    0.6173382997512817,
    0.6043685803359206,
    0.6133779287338257,
    0.6102746711535887,
    0.6025842915881764,
    0.5934491929682818,
    0.6071782599795948,
    0.5993031872944399,
    0.5982116514986212,
    0.5983164649118077,
    0.6063151813366197,
    0.5889905542135239,
    0.5906187173995104,
    0.6019253392111171,
    0.5982414558529854,
    0.584656176919287,
    0.590423206036741,
    0.5901417860930617,
    0.5871424593708732,
    0.5944698121060025,
    0.5893431529402733,
    0.5848937854170799,
    0.5882326418703253,
    0.5811157876794989,
    0.5846552008932288,
    0.5859861455180428,
    0.5791543911803853,
    0.5846468792720274,
    0.583542565730485,
    0.5886771313168786,
    0.5885318991812792,
    0.585431888022206,
    0.584031684154814,
    0.5810607427900488,
    0.5874020260843363,
    0.5888038169253956,
    0.5853613723408092,
    0.5752992271022364,
    0.5870898785916242,
    0.5901559936729345,
    0.5906243439425122,
    0.5831374952738936,
    0.5910645127296448,
    0.5840442011302168,
    0.5872173871506344,
    0.5877913758158684,
    0.5963523293083365,
    0.5815111337737604,
    0.580041541294618,
    0.5861807397820733,
    0.5819622034376318,
    0.5868801643902605,
    0.5851217792792753,
    0.5838779563253577,
    0.5768288312987848,
    0.578348573635925,
    0.588185267014937,
    0.5877802900292657,
    0.5895791460167278,
    0.5840124799446627,
    0.5848012553019957,
    0.5894617160612886,
    0.5880817093632438,
    0.5839690674435009,
    0.5915233486078002,
    0.5856129493225705,
    0.588419610126452
  ],
  "test_accuracies": [
    50.0,
    52.0,
    52.0,
    51.333333333333336,
    56.0,
    52.333333333333336,
    53.333333333333336,
    54.0,
    50.666666666666664,
    53.333333333333336,
    54.333333333333336,
    52.333333333333336,
    57.0,
    54.666666666666664,
    54.0,
    52.0,
    56.333333333333336,
    53.666666666666664,
    51.666666666666664,
    51.666666666666664,
    53.666666666666664,
    53.0,
    52.666666666666664,
    51.666666666666664,
    52.666666666666664,
    52.666666666666664,
    55.666666666666664,
    53.666666666666664,
    53.0,
    55.666666666666664,
    54.333333333333336,
    58.333333333333336,
    56.666666666666664,
    55.0,
    57.333333333333336,
    59.0,
    58.666666666666664,
    58.0,
    57.0,
    57.0,
    57.333333333333336,
    56.666666666666664,
    57.333333333333336,
    57.333333333333336,
    57.333333333333336,
    57.0,
    56.333333333333336,
    56.333333333333336,
    57.666666666666664,
    57.0,
    58.0,
    57.333333333333336,
    56.666666666666664,
    57.333333333333336,
    57.666666666666664,
    57.333333333333336,
    57.333333333333336,
    57.666666666666664,
    56.666666666666664,
    56.666666666666664,
    57.0,
    57.333333333333336,
    57.666666666666664,
    57.333333333333336,
    57.333333333333336,
    57.0,
    56.666666666666664,
    56.666666666666664,
    56.666666666666664,
    56.666666666666664,
    56.666666666666664,
    56.666666666666664,
    56.666666666666664,
    56.666666666666664,
    56.666666666666664,
    56.666666666666664,
    56.666666666666664,
    56.666666666666664,
    56.666666666666664,
    56.666666666666664,
    56.666666666666664,
    56.666666666666664,
    56.666666666666664,
    56.666666666666664,
    56.666666666666664,
    56.666666666666664,
    56.666666666666664,
    56.666666666666664,
    56.666666666666664,
    56.666666666666664,
    56.666666666666664,
    56.666666666666664,
    56.666666666666664,
    56.666666666666664,
    56.666666666666664,
    56.666666666666664,
    56.666666666666664,
    56.666666666666664,
    56.666666666666664,
    56.666666666666664
  ],
  "best_accuracy": 59.0,
  "best_epoch": 36,
  "final_loss": 0.588419610126452,
  "final_accuracy": 56.666666666666664
}