{
    "num_trials": 1,
    "accuracy": [
        0.9633333333333334
    ],
    "precision": [
        0.9658385093167702
    ],
    "recall": [
        0.9633333333333334
    ],
    "f1score": [
        0.9632839706716807
    ],
    "accuracy_mean": 0.9633333333333334,
    "accuracy_std": 0.0,
    "precision_mean": 0.9658385093167702,
    "recall_mean": 0.9633333333333334,
    "f1score_mean": 0.9632839706716807
}