model,class_a,class_b,trial,seed,accuracy,precision,recall,f1score,duration_seconds
QuantumCNN,4,8,1,1522,0.9633333333333334,0.9658385093167702,0.9633333333333334,0.9632839706716807,32.016515
