model,class_a,class_b,trial,seed,accuracy,precision,recall,f1score,duration_seconds
QuantumNN,2,6,1,1302,0.9233333333333333,0.9256222351311498,0.9233333333333333,0.9232301204953327,36.619123
