{
  "train_losses": [
    0.13900866246496496,
    0.03152414744942111,
    0.018849673321793405,
    0.018066852610362814,
    0.014145964300579099,
    0.015362699238969733,
    0.022948294365877784,
    0.008370428927409275,
    0.005372986856183492,
    0.027336174740081664,
    0.012013057975309493,
    0.0027346839577727555,
    0.00508474400488591,
    0.006566173665346882,
    0.0003958061308925277
  ],
  "test_accuracies": [
    0.99,
    0.9933333333333333,
    0.9866666666666667,
    1.0,
    0.9933333333333333,
    0.9933333333333333,
    0.9966666666666667,
    0.9966666666666667,
    1.0,
    0.9966666666666667,
    0.9966666666666667,
    1.0,
    1.0,
    1.0,
    1.0
  ],
  "best_accuracy": 1.0,
  "best_epoch": 4,
  "final_loss": 0.0003958061308925277,
  "final_accuracy": 1.0
}