{
  "train_losses": [
    0.5171115134250034,
    0.3983922844583338,
    0.3629930859262293,
    0.3382223885167729,
    0.32367903061888437,
    0.321178175508976,
    0.31856280836192047,
    0.3177257281812755,
    0.3164951056241989,
    0.3155010352757844,
    0.3139404281973839,
    0.31137180396101694,
    0.30793760310519824,
    0.30236213451082056,
    0.29764127561991865
  ],
  "test_accuracies": [
    0.9266666666666666,
    0.9666666666666667,
    0.97,
    0.9733333333333334,
    0.9766666666666667,
    0.9733333333333334,
    0.9766666666666667,
    0.9733333333333334,
    0.9733333333333334,
    0.9733333333333334,
    0.9733333333333334,
    0.9733333333333334,
    0.9733333333333334,
    0.9666666666666667,
    0.9666666666666667
  ],
  "best_accuracy": 0.9766666666666667,
  "best_epoch": 5,
  "final_loss": 0.29764127561991865,
  "final_accuracy": 0.9666666666666667
}