{
  "train_losses": [
    0.6918012255972082,
    0.6867001070217653,
    0.6861081272363663,
    0.6837333657524802,
    0.6833168498494409,
    0.6826027564027093,
    0.6824243000962518,
    0.6820667020299218,
    0.6810873692685907,
    0.6808782585642554,
    0.6816425797614184,
    0.6810653927651319,
    0.6807248267260465,
    0.6806960322640159,
    0.6809324405410073
  ],
  "test_accuracies": [
    0.5766666666666667,
    0.6033333333333334,
    0.5966666666666667,
    0.57,
    0.5666666666666667,
    0.5766666666666667,
    0.5733333333333334,
    0.5666666666666667,
    0.5466666666666666,
    0.5666666666666667,
    0.5666666666666667,
    0.57,
    0.5566666666666666,
    0.58,
    0.58
  ],
  "best_accuracy": 0.6033333333333334,
  "best_epoch": 2,
  "final_loss": 0.6809324405410073,
  "final_accuracy": 0.58
}