{
  "train_losses": [
    0.7758568579500372,
    0.6941433440555226,
    0.6882684014060281,
    0.6801542937755585,
    0.6854982525110245,
    0.6780387122522701,
    0.6957179754972458,
    0.6886550987308676,
    0.6860182353041389,
    0.6760133193297819,
    0.6769496486945585,
    0.6875023557381197,
    0.6790557991374623,
    0.681762539527633,
    0.6682333810762926
  ],
  "test_accuracies": [
    0.5833333333333334,
    0.55,
    0.5533333333333333,
    0.5233333333333333,
    0.5866666666666667,
    0.5,
    0.5166666666666667,
    0.5033333333333333,
    0.5566666666666666,
    0.5366666666666666,
    0.5,
    0.54,
    0.5433333333333333,
    0.5666666666666667,
    0.59
  ],
  "best_accuracy": 0.59,
  "best_epoch": 15,
  "final_loss": 0.6682333810762926,
  "final_accuracy": 0.59
}