{
  "train_losses": [
    1.1428518092090434,
    0.6949034983461554,
    0.6858353113586252,
    0.6846224625002254,
    0.6776036308570341,
    0.6768210652199659,
    0.6881523701277646,
    0.6852258227088235,
    0.6890222254124555,
    0.6861509138887579,
    0.689002282240174,
    0.6765720343047922,
    0.666764119809324,
    0.6603780822320418,
    0.6677821400490674
  ],
  "test_accuracies": [
    0.5533333333333333,
    0.5933333333333334,
    0.51,
    0.6033333333333334,
    0.5566666666666666,
    0.5566666666666666,
    0.49,
    0.5333333333333333,
    0.5033333333333333,
    0.49666666666666665,
    0.5233333333333333,
    0.5666666666666667,
    0.5933333333333334,
    0.5666666666666667,
    0.57
  ],
  "best_accuracy": 0.6033333333333334,
  "best_epoch": 4,
  "final_loss": 0.6677821400490674,
  "final_accuracy": 0.57
}