{
  "train_losses": [
    0.15712166015609083,
    0.019658267563499976,
    0.01953768900024112,
    0.010407331689334982,
    0.018692626989914887,
    0.014758850499757418,
    0.02151438133982579,
    0.010462893002857692,
    0.00095821337797278,
    0.00031315109474276556,
    0.00011252029648806621,
    0.00012548589944442895,
    0.0001426609966754003,
    0.00010565983252387345,
    0.00010396955639438684
  ],
  "test_accuracies": [
    0.9966666666666667,
    0.9966666666666667,
    0.9833333333333333,
    1.0,
    0.9966666666666667,
    0.9966666666666667,
    1.0,
    0.9966666666666667,
    0.9966666666666667,
    0.9966666666666667,
    0.9966666666666667,
    0.9966666666666667,
    0.9966666666666667,
    0.9966666666666667,
    0.9966666666666667
  ],
  "best_accuracy": 1.0,
  "best_epoch": 4,
  "final_loss": 0.00010396955639438684,
  "final_accuracy": 0.9966666666666667
}