{
  "train_losses": [
    0.09914153147044337,
    0.023939270772023683,
    0.028060808524473527,
    0.023597249896738504,
    0.025689491712186777,
    0.021872361964018306,
    0.015135966993015742,
    0.014486800593493337,
    0.005969164105656752,
    0.01008993800529755,
    0.011298994137260624,
    0.0050758978417103535,
    0.0066572933607279665,
    0.004373934881269551,
    0.005173462540204293
  ],
  "test_accuracies": [
    0.9933333333333333,
    1.0,
    0.9966666666666667,
    0.9933333333333333,
    0.94,
    0.99,
    0.9933333333333333,
    0.9933333333333333,
    0.9933333333333333,
    0.9966666666666667,
    0.9966666666666667,
    0.9966666666666667,
    1.0,
    0.9966666666666667,
    0.9966666666666667
  ],
  "best_accuracy": 1.0,
  "best_epoch": 2,
  "final_loss": 0.005173462540204293,
  "final_accuracy": 0.9966666666666667
}