{
  "train_losses": [
    0.6946240379051729,
    0.6953396309505809,
    0.6938387819311835,
    0.6912309175187891,
    0.6877904669805006,
    0.6714799255132675,
    0.6664545210925016,
    0.6606412597677924,
    0.6581582589582964,
    0.6532906090671365,
    0.6515315120870416,
    0.6514384550127116,
    0.6458602181889794,
    0.6441884758797559,
    0.6350590749220415
  ],
  "test_accuracies": [
    0.5,
    0.49666666666666665,
    0.5366666666666666,
    0.5833333333333334,
    0.5533333333333333,
    0.6266666666666667,
    0.6,
    0.5766666666666667,
    0.61,
    0.6133333333333333,
    0.62,
    0.6066666666666667,
    0.6233333333333333,
    0.6066666666666667,
    0.6466666666666666
  ],
  "best_accuracy": 0.6466666666666666,
  "best_epoch": 15,
  "final_loss": 0.6350590749220415,
  "final_accuracy": 0.6466666666666666
}