model,class_a,class_b,trial,seed,accuracy,precision,recall,f1score,duration_seconds
ClassicalNN,2,4,1,282,0.9933333333333333,0.9933333333333333,0.9933333333333333,0.9933333333333333,1.443056
