{
    "num_trials": 13,
    "accuracy": [
        0.9933333333333333,
        1.0,
        0.9966666666666667,
        0.9966666666666667,
        1.0,
        1.0,
        0.9966666666666667,
        1.0,
        1.0,
        1.0,
        1.0,
        0.9966666666666667,
        1.0
    ],
    "precision": [
        0.9934210526315788,
        1.0,
        0.9966887417218542,
        0.9966887417218542,
        1.0,
        1.0,
        0.9966887417218542,
        1.0,
        1.0,
        1.0,
        1.0,
        0.9966887417218542,
        1.0
    ],
    "recall": [
        0.9933333333333333,
        1.0,
        0.9966666666666667,
        0.9966666666666667,
        1.0,
        1.0,
        0.9966666666666667,
        1.0,
        1.0,
        1.0,
        1.0,
        0.9966666666666667,
        1.0
    ],
    "f1score": [
        0.9933330370238677,
        1.0,
        0.996666629629218,
        0.996666629629218,
        1.0,
        1.0,
        0.996666629629218,
        1.0,
        1.0,
        1.0,
        1.0,
        0.996666629629218,
        1.0
    ],
    "accuracy_mean": 0.9984615384615384,
    "accuracy_std": 0.002114413141342389,
    "precision_mean": 0.9984750784245382,
    "recall_mean": 0.9984615384615384,
    "f1score_mean": 0.9984615042723646
}