{
  "train_losses": [
    0.6127892068841241,
    0.5559778389605609,
    0.5374977236444299,
    0.5338026827031915,
    0.5316134786063974,
    0.5302215746857903,
    0.529511191628196,
    0.5288636806336316,
    0.5277375104752454,
    0.5257590880448167,
    0.5248599045655944,
    0.5237213874405081,
    0.5232093286785212,
    0.5230970694260164,
    0.5227324217557907
  ],
  "test_accuracies": [
    0.94,
    0.9533333333333334,
    0.9433333333333334,
    0.9533333333333334,
    0.9466666666666667,
    0.9566666666666667,
    0.9533333333333334,
    0.9633333333333334,
    0.9466666666666667,
    0.9466666666666667,
    0.95,
    0.9533333333333334,
    0.9533333333333334,
    0.96,
    0.96
  ],
  "best_accuracy": 0.9633333333333334,
  "best_epoch": 8,
  "final_loss": 0.5227324217557907,
  "final_accuracy": 0.96
}