{
  "train_losses": [
    0.283809671622955,
    0.05561359415084801,
    0.04775222287637668,
    0.032113309756492854,
    0.0201774967612106,
    0.013822632787361561,
    0.011763305302090223,
    0.038650694616411456,
    0.03278859600951281,
    0.030651051106278002,
    0.02444469324969263,
    0.008321524667156733,
    0.0054106441143217535,
    0.003742357607817129,
    0.002101235935697332
  ],
  "test_accuracies": [
    0.95,
    0.9766666666666667,
    0.99,
    1.0,
    0.9966666666666667,
    0.99,
    0.9933333333333333,
    0.9933333333333333,
    0.9433333333333334,
    0.99,
    1.0,
    0.9933333333333333,
    0.99,
    0.99,
    0.9966666666666667
  ],
  "best_accuracy": 1.0,
  "best_epoch": 4,
  "final_loss": 0.002101235935697332,
  "final_accuracy": 0.9966666666666667
}