{
    "num_trials": 1,
    "accuracy": [
        0.96
    ],
    "precision": [
        0.9620535714285715
    ],
    "recall": [
        0.96
    ],
    "f1score": [
        0.9599555061179088
    ],
    "accuracy_mean": 0.96,
    "accuracy_std": 0.0,
    "precision_mean": 0.9620535714285715,
    "recall_mean": 0.96,
    "f1score_mean": 0.9599555061179088
}