{
  "train_losses": [
    0.29673810002648016,
    0.05714425710241564,
    0.03244127190555446,
    0.024494313015814194,
    0.04249130782872354,
    0.017113864144696643,
    0.006392067643735738,
    0.0068778452626826365,
    0.0038632999745790253,
    0.002990611419839049,
    0.003534024233886157,
    0.0005788328804189033,
    0.0005894460201509653,
    0.00030694133466046094,
    0.0002971579325917033
  ],
  "test_accuracies": [
    0.96,
    0.9833333333333333,
    0.99,
    0.9966666666666667,
    0.9866666666666667,
    1.0,
    0.9966666666666667,
    0.9933333333333333,
    0.99,
    1.0,
    0.9966666666666667,
    0.99,
    0.9966666666666667,
    0.9966666666666667,
    0.9966666666666667
  ],
  "best_accuracy": 1.0,
  "best_epoch": 6,
  "final_loss": 0.0002971579325917033,
  "final_accuracy": 0.9966666666666667
}