model,class_a,class_b,trial,seed,accuracy,precision,recall,f1score,duration_seconds
ClassicalNN,4,8,1,522,0.9933333333333333,0.9933333333333333,0.9933333333333333,0.9933333333333333,1.572992
