{
  "train_losses": [
    0.26675368610052497,
    0.014968603742255998,
    0.02227680113322673,
    0.005210208163672095,
    0.002040103726771618,
    0.00033509200867146404,
    0.00023968429787725074,
    0.00016762239822169661,
    0.00015785541090322525,
    0.00014296608938738328,
    0.0001422160956446367,
    0.00019384733782730606,
    0.0002108586699850176,
    0.00015765359888643036,
    0.00021720951091000725
  ],
  "test_accuracies": [
    0.99,
    0.9933333333333333,
    0.9933333333333333,
    1.0,
    0.9966666666666667,
    0.9966666666666667,
    0.9966666666666667,
    0.9966666666666667,
    0.9966666666666667,
    0.9966666666666667,
    0.9966666666666667,
    0.9966666666666667,
    0.9966666666666667,
    0.9966666666666667,
    0.9966666666666667
  ],
  "best_accuracy": 1.0,
  "best_epoch": 4,
  "final_loss": 0.00021720951091000725,
  "final_accuracy": 0.9966666666666667
}