{
  "train_losses": [
    0.5690694065256552,
    0.42679824951020157,
    0.37882946702567016,
    0.32620214264501224,
    0.2941854677417062,
    0.2811269306323745,
    0.2748424471779303,
    0.2704202299090949,
    0.267730521207506,
    0.26352595165371895,
    0.26076754047112033,
    0.2571942518380555,
    0.25404262474992056,
    0.2511719665066762,
    0.248964976858009
  ],
  "test_accuracies": [
    0.9633333333333334,
    0.9766666666666667,
    0.97,
    0.96,
    0.9533333333333334,
    0.9666666666666667,
    0.9666666666666667,
    0.98,
    0.9766666666666667,
    0.9766666666666667,
    0.9766666666666667,
    0.9766666666666667,
    0.9733333333333334,
    0.9766666666666667,
    0.97
  ],
  "best_accuracy": 0.98,
  "best_epoch": 8,
  "final_loss": 0.248964976858009,
  "final_accuracy": 0.97
}