{
  "train_losses": [
    0.5934024317698046,
    0.5435488616878336,
    0.527714570814913,
    0.5172173197973858,
    0.5073438727042892,
    0.502418113025752,
    0.49629225581884384,
    0.4916173836046999,
    0.4882340749556368,
    0.4845302132042972,
    0.48276612772182986,
    0.48165771839293564,
    0.48134210028431634,
    0.4798066866668788,
    0.4799463660879569
  ],
  "test_accuracies": [
    0.98,
    0.96,
    0.96,
    0.9533333333333334,
    0.9533333333333334,
    0.95,
    0.95,
    0.95,
    0.9533333333333334,
    0.96,
    0.96,
    0.9666666666666667,
    0.9633333333333334,
    0.9666666666666667,
    0.9633333333333334
  ],
  "best_accuracy": 0.98,
  "best_epoch": 1,
  "final_loss": 0.4799463660879569,
  "final_accuracy": 0.9633333333333334
}