model,class_a,class_b,trial,seed,accuracy,precision,recall,f1score,duration_seconds
QuantumCNN,2,7,1,1312,0.9566666666666667,0.9566869638650606,0.9566666666666667,0.9566661851798354,32.86391
