{
  "train_losses": [
    0.31421351551332255,
    0.06468560560394755,
    0.04515649553187276,
    0.03487489215860313,
    0.03452058280923997,
    0.02104302492609184,
    0.012558150656828233,
    0.023059927741996944,
    0.011350884788209276,
    0.008839863074833622,
    0.006647112675967615,
    0.046249548475398944,
    0.011807341836505326,
    0.007539396830245757,
    0.0034315095689304476
  ],
  "test_accuracies": [
    0.97,
    0.9766666666666667,
    0.9866666666666667,
    0.99,
    0.9933333333333333,
    0.99,
    0.9966666666666667,
    1.0,
    0.99,
    0.99,
    0.9866666666666667,
    0.9933333333333333,
    0.99,
    0.99,
    0.9966666666666667
  ],
  "best_accuracy": 1.0,
  "best_epoch": 8,
  "final_loss": 0.0034315095689304476,
  "final_accuracy": 0.9966666666666667
}