{
  "train_losses": [
    0.7122915522618727,
    0.693693457679315,
    0.6927008032798767,
    0.6870838078585538,
    0.680115901611068,
    0.680710023099726,
    0.6932572424411774,
    0.6846417215737429,
    0.6711068993264978,
    0.6690018420869653
  ],
  "test_accuracies": [
    0.51,
    0.5,
    0.5866666666666667,
    0.49,
    0.6166666666666667,
    0.49666666666666665,
    0.6133333333333333,
    0.5766666666666667,
    0.6066666666666667,
    0.5233333333333333
  ],
  "best_accuracy": 0.6166666666666667,
  "best_epoch": 5,
  "final_loss": 0.6690018420869653,
  "final_accuracy": 0.5233333333333333
}