{
  "train_losses": [
    0.7048925757408142,
    0.6933018240061674,
    0.693495593287728,
    0.6939599988135424,
    0.6934988444501703,
    0.693524493412538,
    0.6935591927983544,
    0.6936673088507219,
    0.6935728341341019,
    0.6934958886016499,
    0.6936847188256003,
    0.6947482512755827,
    0.6939239488406614,
    0.6937073469161987,
    0.6933209963820197
  ],
  "test_accuracies": [
    0.5,
    0.5,
    0.5,
    0.5,
    0.5,
    0.5,
    0.5033333333333333,
    0.6233333333333333,
    0.5,
    0.5,
    0.5,
    0.5,
    0.5,
    0.5,
    0.5
  ],
  "best_accuracy": 0.6233333333333333,
  "best_epoch": 8,
  "final_loss": 0.6933209963820197,
  "final_accuracy": 0.5
}