{
    "num_trials": 1,
    "accuracy": [
        0.9333333333333333
    ],
    "precision": [
        0.935267857142857
    ],
    "recall": [
        0.9333333333333333
    ],
    "f1score": [
        0.9332591768631812
    ],
    "accuracy_mean": 0.9333333333333333,
    "accuracy_std": 0.0,
    "precision_mean": 0.935267857142857,
    "recall_mean": 0.9333333333333333,
    "f1score_mean": 0.9332591768631812
}