{
  "train_losses": [
    0.6380827616561543,
    0.18775918745351108,
    0.12600724953650075,
    0.07333480532873761,
    0.059295671997295525,
    0.07330337481107563,
    0.055818021202205935,
    0.036853502700316974,
    0.0367040018318221,
    0.034494794828457416,
    0.02414152793922271,
    0.039751630906804086,
    0.023006333423175172,
    0.01928824985952815,
    0.01376545081968123
  ],
  "test_accuracies": [
    0.8766666666666667,
    0.9666666666666667,
    0.9666666666666667,
    0.9766666666666667,
    0.9733333333333334,
    0.98,
    0.9733333333333334,
    0.9733333333333334,
    0.97,
    0.9766666666666667,
    0.98,
    0.9633333333333334,
    0.9733333333333334,
    0.9733333333333334,
    0.98
  ],
  "best_accuracy": 0.98,
  "best_epoch": 6,
  "final_loss": 0.01376545081968123,
  "final_accuracy": 0.98
}