{
  "train_losses": [
    0.6950506269931793,
    0.6907603578134016,
    0.6867716840722344,
    0.6863624751567841,
    0.6793259382247925,
    0.6759690818461505,
    0.6540404625914313,
    0.6600574092431502,
    0.6448610716245391,
    0.6479727205905047,
    0.6412764394825156,
    0.6347704272378575,
    0.6416981965303421,
    0.6206944517113946,
    0.621955622326244
  ],
  "test_accuracies": [
    0.53,
    0.56,
    0.59,
    0.5366666666666666,
    0.5666666666666667,
    0.6,
    0.5533333333333333,
    0.5966666666666667,
    0.5933333333333334,
    0.6,
    0.62,
    0.6733333333333333,
    0.64,
    0.66,
    0.6466666666666666
  ],
  "best_accuracy": 0.6733333333333333,
  "best_epoch": 12,
  "final_loss": 0.621955622326244,
  "final_accuracy": 0.6466666666666666
}