model,class_a,class_b,trial,seed,accuracy,precision,recall,f1score,duration_seconds
ClassicalCNN,4,9,1,532,0.9566666666666667,0.9568494064292383,0.9566666666666667,0.9566623328999566,1.995016
