{
  "train_losses": [
    0.2641925189686431,
    0.06461171165574342,
    0.03611741613977673,
    0.013070429891575424,
    0.03404815327138005,
    0.014067549611023755,
    0.012441108392977185,
    0.021230075344399003,
    0.022075113497149603,
    0.013604692291912877,
    0.010113973597237253,
    0.006404060578957301,
    0.0017726389123502238,
    0.0004916080064380036,
    0.00039660966064564656
  ],
  "test_accuracies": [
    0.9333333333333333,
    0.99,
    0.9933333333333333,
    1.0,
    0.9833333333333333,
    0.9966666666666667,
    0.9966666666666667,
    0.99,
    0.9933333333333333,
    0.9933333333333333,
    0.9966666666666667,
    0.9966666666666667,
    0.9966666666666667,
    0.9966666666666667,
    0.9966666666666667
  ],
  "best_accuracy": 1.0,
  "best_epoch": 4,
  "final_loss": 0.00039660966064564656,
  "final_accuracy": 0.9966666666666667
}