{
  "train_losses": [
    0.1827570861986933,
    0.0046415089655883176,
    0.00025332560377674696,
    0.00017214570075649053,
    0.0001369169369873837,
    0.0001255503639082566,
    4.76782920744964e-05,
    5.397896232104606e-05,
    0.00034496001867074193,
    0.0025557325243101433
  ],
  "test_accuracies": [
    0.9966666666666667,
    1.0,
    1.0,
    1.0,
    1.0,
    1.0,
    1.0,
    1.0,
    1.0,
    1.0
  ],
  "best_accuracy": 1.0,
  "best_epoch": 2,
  "final_loss": 0.0025557325243101433,
  "final_accuracy": 1.0
}