{
  "train_losses": [
    0.11910221327244389,
    0.057405638736037705,
    0.04271088487770281,
    0.04849457662798655,
    0.036094887074961494,
    0.017728608801751925,
    0.0328919518357328,
    0.020689478677840354,
    0.025242188213682806,
    0.02193798746901104,
    0.02014330285733608,
    0.015542603311504618,
    0.028449882938812978,
    0.009166349560308101,
    0.007580236520218684
  ],
  "test_accuracies": [
    0.9833333333333333,
    0.98,
    0.97,
    0.92,
    0.9866666666666667,
    0.9866666666666667,
    0.9866666666666667,
    0.98,
    0.98,
    0.99,
    0.99,
    0.99,
    0.9833333333333333,
    0.9866666666666667,
    0.99
  ],
  "best_accuracy": 0.99,
  "best_epoch": 10,
  "final_loss": 0.007580236520218684,
  "final_accuracy": 0.99
}