{
  "train_losses": [
    0.08783112818450305,
    0.023204704595131756,
    0.011901559423759782,
    0.003998166959718219,
    0.033672285758143516,
    0.010628226322999333,
    0.004032238277059977,
    0.004295728109161184,
    0.012103332004513008,
    0.0059607091594929525,
    0.0044758198519164434,
    0.0007871098339364835,
    0.00040219368032591194,
    0.00038180210371634035,
    0.00020944129784083998
  ],
  "test_accuracies": [
    0.98,
    0.9866666666666667,
    0.9966666666666667,
    0.96,
    0.9933333333333333,
    0.9966666666666667,
    0.9933333333333333,
    0.9866666666666667,
    0.9966666666666667,
    0.9933333333333333,
    0.9933333333333333,
    0.9966666666666667,
    0.9966666666666667,
    0.9933333333333333,
    0.9933333333333333
  ],
  "best_accuracy": 0.9966666666666667,
  "best_epoch": 3,
  "final_loss": 0.00020944129784083998,
  "final_accuracy": 0.9933333333333333
}