{
  "train_losses": [
    0.5877931429581209,
    0.496582953767343,
    0.48115439035675744,
    0.4738304913043976,
    0.4705708514560353,
    0.46773624284700915,
    0.4641587273641066,
    0.46266194500706415,
    0.460096077485518,
    0.45873277905312454,
    0.4581036249344999,
    0.457614851268855,
    0.45704446123404935,
    0.4565167779272253,
    0.4567947482520884
  ],
  "test_accuracies": [
    0.9233333333333333,
    0.97,
    0.9766666666666667,
    0.98,
    0.97,
    0.98,
    0.9666666666666667,
    0.98,
    0.97,
    0.9733333333333334,
    0.99,
    0.9766666666666667,
    0.96,
    0.9866666666666667,
    0.97
  ],
  "best_accuracy": 0.99,
  "best_epoch": 11,
  "final_loss": 0.4567947482520884,
  "final_accuracy": 0.97
}