{
  "train_losses": [
    0.1547401099550453,
    0.08992181781319562,
    0.09015051886142994,
    0.07402378071459349,
    0.05502616502715021,
    0.08806020886616105,
    0.05560370348393917,
    0.044240985086865046,
    0.05706810084517532,
    0.03995304631826002,
    0.041190709455721924,
    0.04548456050228693,
    0.04372172803480432,
    0.03125210622965824,
    0.030418207790882498
  ],
  "test_accuracies": [
    0.9833333333333333,
    0.9866666666666667,
    0.9866666666666667,
    0.9866666666666667,
    0.9933333333333333,
    0.9866666666666667,
    0.9866666666666667,
    0.9866666666666667,
    0.9866666666666667,
    0.97,
    0.99,
    0.9933333333333333,
    0.99,
    0.9766666666666667,
    0.9766666666666667
  ],
  "best_accuracy": 0.9933333333333333,
  "best_epoch": 5,
  "final_loss": 0.030418207790882498,
  "final_accuracy": 0.9766666666666667
}