{
  "train_losses": [
    0.6291022463278337,
    0.5257078212770548,
    0.47026322511109436,
    0.43794591521674936,
    0.41712531447410583,
    0.40512124313549563,
    0.39886309612881055,
    0.3936942897059701,
    0.39010362191633746,
    0.38738068396394904,
    0.38349889557469974,
    0.37723631818186154,
    0.37076316841624,
    0.3684043288230896,
    0.3685313124548305
  ],
  "test_accuracies": [
    0.84,
    0.8966666666666666,
    0.9166666666666666,
    0.92,
    0.9233333333333333,
    0.93,
    0.9366666666666666,
    0.94,
    0.9433333333333334,
    0.9466666666666667,
    0.95,
    0.9566666666666667,
    0.9566666666666667,
    0.9566666666666667,
    0.9533333333333334
  ],
  "best_accuracy": 0.9566666666666667,
  "best_epoch": 12,
  "final_loss": 0.3685313124548305,
  "final_accuracy": 0.9533333333333334
}