model,class_a,class_b,trial,seed,accuracy,precision,recall,f1score,duration_seconds
QuantumCNN,0,3,1,1072,0.9466666666666667,0.9518072289156627,0.9466666666666667,0.9465145302192904,33.976087
