{
    "num_trials": 1,
    "accuracy": [
        0.8866666666666667
    ],
    "precision": [
        0.8872863247863249
    ],
    "recall": [
        0.8866666666666667
    ],
    "f1score": [
        0.8866213151927438
    ],
    "accuracy_mean": 0.8866666666666667,
    "accuracy_std": 0.0,
    "precision_mean": 0.8872863247863249,
    "recall_mean": 0.8866666666666667,
    "f1score_mean": 0.8866213151927438
}