model,class_a,class_b,trial,seed,accuracy,precision,recall,f1score,duration_seconds
QuantumCNN,3,8,1,1422,0.8866666666666667,0.8872863247863249,0.8866666666666667,0.8866213151927438,33.659783
