{
  "train_losses": [
    0.5534562986682762,
    0.15950918976556172,
    0.10867680837823586,
    0.0768716405145824,
    0.06771971710788255,
    0.05934969618366184,
    0.05757273210011507,
    0.06528426117306067,
    0.062406087923921987,
    0.048910335968354375,
    0.06220505953321911,
    0.03949823183938861,
    0.04795940521183762,
    0.05956015959699554,
    0.029193754581766287
  ],
  "test_accuracies": [
    0.9233333333333333,
    0.95,
    0.9433333333333334,
    0.9633333333333334,
    0.96,
    0.9633333333333334,
    0.96,
    0.98,
    0.98,
    0.9433333333333334,
    0.9566666666666667,
    0.9766666666666667,
    0.93,
    0.9566666666666667,
    0.9666666666666667
  ],
  "best_accuracy": 0.98,
  "best_epoch": 8,
  "final_loss": 0.029193754581766287,
  "final_accuracy": 0.9666666666666667
}