{
  "train_losses": [
    0.07855189251846571,
    0.02721741964970451,
    0.013351174560904672,
    0.009567404272274871,
    0.0016677409397619738,
    0.0004666681025262485,
    0.0021272887969881926,
    0.017593624201212646,
    0.016974218578608005,
    0.007481126988130365,
    0.0006087549978649969,
    0.002454476513050126,
    0.00019303026088318182,
    0.00020945053110339856,
    0.0002038527408000267
  ],
  "test_accuracies": [
    1.0,
    1.0,
    0.9933333333333333,
    1.0,
    1.0,
    0.9966666666666667,
    0.9966666666666667,
    1.0,
    1.0,
    1.0,
    0.9966666666666667,
    1.0,
    1.0,
    1.0,
    1.0
  ],
  "best_accuracy": 1.0,
  "best_epoch": 1,
  "final_loss": 0.0002038527408000267,
  "final_accuracy": 1.0
}