{
  "train_losses": [
    0.06835322744577707,
    0.003781653154967237,
    0.0014051419088849054,
    0.0024823101118853167,
    0.0018519041230727592,
    2.7138274641332188e-05,
    5.6545141731589865e-05,
    9.637762463977528e-05,
    0.00010570924907617815,
    0.00012517182234329414,
    0.00012429401348609562,
    0.0001332663737643584,
    0.00018451178861637757,
    0.0005114258377613045,
    0.000913273027270572
  ],
  "test_accuracies": [
    1.0,
    1.0,
    1.0,
    0.99,
    1.0,
    1.0,
    1.0,
    1.0,
    1.0,
    1.0,
    1.0,
    1.0,
    1.0,
    1.0,
    1.0
  ],
  "best_accuracy": 1.0,
  "best_epoch": 1,
  "final_loss": 0.000913273027270572,
  "final_accuracy": 1.0
}