{
    "num_trials": 3,
    "accuracy": [
        0.5233333333333333,
        0.55,
        0.56
    ],
    "precision": [
        0.5233343704164629,
        0.5536250536250535,
        0.56
    ],
    "recall": [
        0.5233333333333333,
        0.55,
        0.56
    ],
    "f1score": [
        0.5233280369781886,
        0.54226426609704,
        0.56
    ],
    "accuracy_mean": 0.5444444444444444,
    "accuracy_std": 0.015475986974649051,
    "precision_mean": 0.5456531413471722,
    "recall_mean": 0.5444444444444444,
    "f1score_mean": 0.5418641010250762
}