{
  "train_losses": [
    0.6519075063141909,
    0.6011680202050642,
    0.5861385044726458,
    0.5792687779123132,
    0.5739289224147797,
    0.5669050189581785,
    0.561768885363232,
    0.5586567466909235,
    0.5561084733767943,
    0.5535965209657495,
    0.551170985807072,
    0.5493128326806155,
    0.5479100021449003,
    0.5479682020165704,
    0.5472411960363388
  ],
  "test_accuracies": [
    0.84,
    0.8566666666666667,
    0.9066666666666666,
    0.9166666666666666,
    0.93,
    0.9333333333333333,
    0.9366666666666666,
    0.9333333333333333,
    0.9433333333333334,
    0.9133333333333333,
    0.94,
    0.9433333333333334,
    0.9266666666666666,
    0.94,
    0.9333333333333333
  ],
  "best_accuracy": 0.9433333333333334,
  "best_epoch": 9,
  "final_loss": 0.5472411960363388,
  "final_accuracy": 0.9333333333333333
}