{
  "train_losses": [
    0.6906650310212915,
    0.6860157549381256,
    0.6837384307926352,
    0.6822353222153403,
    0.6815935888073661,
    0.6816734969615936,
    0.6802590259096839,
    0.6802474626085975,
    0.6789867051623084,
    0.6790239824490114,
    0.6794221360575069,
    0.6797639822418039,
    0.6785004613074389,
    0.6770063638687134,
    0.6778650202534415
  ],
  "test_accuracies": [
    0.6,
    0.5866666666666667,
    0.6033333333333334,
    0.5933333333333334,
    0.5766666666666667,
    0.5766666666666667,
    0.5866666666666667,
    0.5766666666666667,
    0.5566666666666666,
    0.5733333333333334,
    0.59,
    0.54,
    0.5766666666666667,
    0.6033333333333334,
    0.58
  ],
  "best_accuracy": 0.6033333333333334,
  "best_epoch": 3,
  "final_loss": 0.6778650202534415,
  "final_accuracy": 0.58
}