{
    "num_trials": 1,
    "accuracy": [
        0.9666666666666667
    ],
    "precision": [
        0.9669987546699875
    ],
    "recall": [
        0.9666666666666667
    ],
    "f1score": [
        0.9666607396870553
    ],
    "accuracy_mean": 0.9666666666666667,
    "accuracy_std": 0.0,
    "precision_mean": 0.9669987546699875,
    "recall_mean": 0.9666666666666667,
    "f1score_mean": 0.9666607396870553
}