{
  "train_losses": [
    0.6934149522673,
    0.6912974092093381,
    0.6909566697749224,
    0.6901195645332336,
    0.6898339282382618,
    0.6898320398547433,
    0.6892413700168784,
    0.6891642524437471,
    0.6890049183910544,
    0.6890450702472166,
    0.688270247795365,
    0.6874925507740541,
    0.6869460953907534,
    0.6866328540173444,
    0.6864062547683716
  ],
  "test_accuracies": [
    0.51,
    0.5233333333333333,
    0.5133333333333333,
    0.5233333333333333,
    0.53,
    0.52,
    0.54,
    0.53,
    0.5366666666666666,
    0.5366666666666666,
    0.5333333333333333,
    0.5466666666666666,
    0.5433333333333333,
    0.5633333333333334,
    0.5633333333333334
  ],
  "best_accuracy": 0.5633333333333334,
  "best_epoch": 14,
  "final_loss": 0.6864062547683716,
  "final_accuracy": 0.5633333333333334
}