{
  "train_losses": [
    0.6163159703666513,
    0.5595848004926335,
    0.5332955135540529,
    0.5256818004629829,
    0.5229684710502625,
    0.5200936814600771,
    0.5176902697844938,
    0.5146037658507173,
    0.5117799097841437,
    0.5094368992881342,
    0.5087337974797596,
    0.5084173069758848,
    0.5077807612039826,
    0.506908656521277,
    0.5070811990987171
  ],
  "test_accuracies": [
    0.93,
    0.97,
    0.98,
    0.9733333333333334,
    0.9733333333333334,
    0.9766666666666667,
    0.9766666666666667,
    0.9833333333333333,
    0.97,
    0.9833333333333333,
    0.9733333333333334,
    0.97,
    0.9733333333333334,
    0.9866666666666667,
    0.9866666666666667
  ],
  "best_accuracy": 0.9866666666666667,
  "best_epoch": 14,
  "final_loss": 0.5070811990987171,
  "final_accuracy": 0.9866666666666667
}