{
  "train_losses": [
    0.6929389346729625,
    0.6917758502743461,
    0.6888335143977945,
    0.6854459697549994,
    0.6831442280249163,
    0.6826492629267953,
    0.6822600703347813,
    0.681967173110355,
    0.6815010783347216,
    0.6813984459096735
  ],
  "test_accuracies": [
    0.53,
    0.5533333333333333,
    0.5333333333333333,
    0.5366666666666666,
    0.5366666666666666,
    0.5566666666666666,
    0.5366666666666666,
    0.5633333333333334,
    0.56,
    0.5633333333333334
  ],
  "best_accuracy": 0.5633333333333334,
  "best_epoch": 8,
  "final_loss": 0.6813984459096735,
  "final_accuracy": 0.5633333333333334
}