{
  "train_losses": [
    0.6958868205547333,
    0.6883462166244333,
    0.687155004252087,
    0.6861647475849498,
    0.6850866878574545,
    0.6840350086038763,
    0.684295570308512,
    0.6839464604854584,
    0.6834586235609922,
    0.68274771083485,
    0.6830415508963845,
    0.6826225830750032,
    0.6831124980341304,
    0.6832399395379153,
    0.6827005026015368
  ],
  "test_accuracies": [
    0.5566666666666666,
    0.5533333333333333,
    0.55,
    0.5366666666666666,
    0.55,
    0.55,
    0.55,
    0.56,
    0.5733333333333334,
    0.5633333333333334,
    0.5633333333333334,
    0.5533333333333333,
    0.5666666666666667,
    0.5533333333333333,
    0.55
  ],
  "best_accuracy": 0.5733333333333334,
  "best_epoch": 9,
  "final_loss": 0.6827005026015368,
  "final_accuracy": 0.55
}