model,class_a,class_b,trial,seed,accuracy,precision,recall,f1score,duration_seconds
ClassicalCNN,1,3,1,172,0.9933333333333333,0.9933333333333333,0.9933333333333333,0.9933333333333333,2.078138
