{
  "train_losses": [
    0.22510718122860204,
    0.03229835295430596,
    0.023277305597730447,
    0.02405531749404459,
    0.028704453642686447,
    0.024487751621398438,
    0.009634064505503788,
    0.001512272718064816,
    0.0026647746585281725,
    0.014129776997151566,
    0.00734035880619062,
    0.0029374117435013018,
    0.002933046408295261,
    0.0014648555394697641,
    0.0006351262045220872
  ],
  "test_accuracies": [
    0.9833333333333333,
    0.98,
    0.9833333333333333,
    0.99,
    0.9833333333333333,
    0.9866666666666667,
    0.9933333333333333,
    0.9933333333333333,
    0.99,
    0.9833333333333333,
    0.9766666666666667,
    0.9866666666666667,
    0.98,
    0.98,
    0.9833333333333333
  ],
  "best_accuracy": 0.9933333333333333,
  "best_epoch": 7,
  "final_loss": 0.0006351262045220872,
  "final_accuracy": 0.9833333333333333
}