model,class_a,class_b,trial,seed,accuracy,precision,recall,f1score,duration_seconds
ClassicalCNN,0,1,1,52,0.9966666666666667,0.9966887417218542,0.9966666666666667,0.996666629629218,3.445576
