{
  "train_losses": [
    0.6973518783395941,
    0.6936344016682018,
    0.6929029050198469,
    0.6928492323918776,
    0.6828263903206045,
    0.6859234327619727,
    0.6825012713670731,
    0.6746250296180899,
    0.6674028282815759,
    0.6590995829213749,
    0.6476155587218024,
    0.6477606865492734,
    0.6410984559492632,
    0.6382178853858601,
    0.6338055709546263
  ],
  "test_accuracies": [
    0.5,
    0.59,
    0.5,
    0.54,
    0.5833333333333334,
    0.59,
    0.6066666666666667,
    0.5933333333333334,
    0.62,
    0.6033333333333334,
    0.5866666666666667,
    0.59,
    0.6233333333333333,
    0.6233333333333333,
    0.6033333333333334
  ],
  "best_accuracy": 0.6233333333333333,
  "best_epoch": 13,
  "final_loss": 0.6338055709546263,
  "final_accuracy": 0.6033333333333334
}