{
  "train_losses": [
    0.32394518169828435,
    0.0943427536086264,
    0.049594618247779595,
    0.03432480309195605,
    0.032276845871820115,
    0.0244928826154633,
    0.017607383696899473,
    0.03212346953874989,
    0.03886046702179804,
    0.01267431279980387,
    0.005516712906683097,
    0.003941673820918368,
    0.016756680954503365,
    0.017498376321203647,
    0.008590125398809918
  ],
  "test_accuracies": [
    0.9566666666666667,
    0.9866666666666667,
    0.99,
    0.99,
    1.0,
    0.9866666666666667,
    0.9866666666666667,
    0.9933333333333333,
    0.9966666666666667,
    1.0,
    0.9966666666666667,
    0.9933333333333333,
    0.99,
    0.9966666666666667,
    1.0
  ],
  "best_accuracy": 1.0,
  "best_epoch": 5,
  "final_loss": 0.008590125398809918,
  "final_accuracy": 1.0
}