{
    "num_trials": 1,
    "accuracy": [
        0.9866666666666667
    ],
    "precision": [
        0.987012987012987
    ],
    "recall": [
        0.9866666666666667
    ],
    "f1score": [
        0.9866642958748222
    ],
    "accuracy_mean": 0.9866666666666667,
    "accuracy_std": 0.0,
    "precision_mean": 0.987012987012987,
    "recall_mean": 0.9866666666666667,
    "f1score_mean": 0.9866642958748222
}