{
  "train_losses": [
    0.515235461294651,
    0.41260191053152084,
    0.3583967380902984,
    0.3288257663900202,
    0.3149907805702903,
    0.3081019168550318,
    0.3021027022464709,
    0.296184127303687,
    0.29305944219231606,
    0.2885050015016036,
    0.2831968566910787,
    0.27745232155377214,
    0.2678619514812123,
    0.2614361230622638,
    0.2582244554703886
  ],
  "test_accuracies": [
    0.95,
    0.9566666666666667,
    0.96,
    0.9566666666666667,
    0.9533333333333334,
    0.95,
    0.9466666666666667,
    0.95,
    0.95,
    0.9566666666666667,
    0.9566666666666667,
    0.9566666666666667,
    0.9566666666666667,
    0.96,
    0.96
  ],
  "best_accuracy": 0.96,
  "best_epoch": 3,
  "final_loss": 0.2582244554703886,
  "final_accuracy": 0.96
}