{
  "train_losses": [
    0.6032970425757495,
    0.5459917404434897,
    0.531132505021312,
    0.5254871012134985,
    0.5219949030063369,
    0.5168850367719476,
    0.5123132467269897,
    0.5090556280179457,
    0.5077855004505678,
    0.5069093453613195,
    0.5053843300450932,
    0.5046352026137438,
    0.5030320720239119,
    0.5018517036329616,
    0.5007642703977498
  ],
  "test_accuracies": [
    0.9666666666666667,
    0.9866666666666667,
    0.9833333333333333,
    0.98,
    0.98,
    0.96,
    0.9866666666666667,
    0.9833333333333333,
    0.99,
    0.9866666666666667,
    0.99,
    0.9866666666666667,
    0.9866666666666667,
    0.9866666666666667,
    0.9866666666666667
  ],
  "best_accuracy": 0.99,
  "best_epoch": 9,
  "final_loss": 0.5007642703977498,
  "final_accuracy": 0.9866666666666667
}