{
  "train_losses": [
    0.1511230098760941,
    0.05480109283234924,
    0.050205501402326096,
    0.04157334727642592,
    0.05560442113148218,
    0.0451738412428478,
    0.03424639729730023,
    0.04800563027740943,
    0.05292758748030544,
    0.04798162307633902,
    0.04087936534977581,
    0.02911633261497958,
    0.024181445901128674,
    0.0275300908701452,
    0.02791998997417977
  ],
  "test_accuracies": [
    0.98,
    0.9766666666666667,
    0.9833333333333333,
    0.95,
    0.9566666666666667,
    0.9766666666666667,
    0.9766666666666667,
    0.93,
    0.9733333333333334,
    0.9866666666666667,
    0.9666666666666667,
    0.9766666666666667,
    0.98,
    0.9833333333333333,
    0.9833333333333333
  ],
  "best_accuracy": 0.9866666666666667,
  "best_epoch": 10,
  "final_loss": 0.02791998997417977,
  "final_accuracy": 0.9833333333333333
}