{
  "train_losses": [
    0.6079975718801672,
    0.5584750310941176,
    0.5332087867639281,
    0.5160427669232542,
    0.5075024197047407,
    0.5029990402134982,
    0.5007640055634759,
    0.498290053145452,
    0.497424762357365,
    0.49578397179191763,
    0.4931491979143836,
    0.4909507855772972,
    0.48964541337706824,
    0.48319189047271555,
    0.47803409465334634
  ],
  "test_accuracies": [
    0.9366666666666666,
    0.95,
    0.9733333333333334,
    0.97,
    0.97,
    0.9633333333333334,
    0.96,
    0.97,
    0.9666666666666667,
    0.96,
    0.9566666666666667,
    0.9466666666666667,
    0.96,
    0.9633333333333334,
    0.9633333333333334
  ],
  "best_accuracy": 0.9733333333333334,
  "best_epoch": 3,
  "final_loss": 0.47803409465334634,
  "final_accuracy": 0.9633333333333334
}