{
  "train_losses": [
    0.23710396518287202,
    0.021797871591512707,
    0.008881555722341132,
    0.003204790306033994,
    0.0016122611694077643,
    0.03351555975879447,
    0.015972922603065275,
    0.003324009680909512,
    0.0005257611748613107,
    0.0001480601635793474,
    0.00010978273369553129,
    0.0001025499316307849,
    0.00011557199052896811,
    0.00021266599891718712,
    0.00011254620788101668
  ],
  "test_accuracies": [
    0.9966666666666667,
    0.9933333333333333,
    0.9966666666666667,
    1.0,
    0.99,
    0.99,
    1.0,
    0.9933333333333333,
    1.0,
    1.0,
    1.0,
    1.0,
    1.0,
    1.0,
    1.0
  ],
  "best_accuracy": 1.0,
  "best_epoch": 4,
  "final_loss": 0.00011254620788101668,
  "final_accuracy": 1.0
}