{
  "train_losses": [
    0.15991917457782412,
    0.00750516122285445,
    2.9273652081117753e-05,
    9.725958757588294e-05,
    0.000147161892011855,
    1.6420438204358476e-06,
    3.0451945030697156e-06,
    1.2398373899758962e-05,
    8.720765342872351e-06,
    1.0334475546173879e-05,
    2.113372103580828e-05,
    1.7687733208436963e-05,
    3.537292078577407e-05,
    4.086381852501249e-05,
    2.8786963255569084e-05
  ],
  "test_accuracies": [
    1.0,
    1.0,
    1.0,
    1.0,
    1.0,
    1.0,
    1.0,
    1.0,
    1.0,
    1.0,
    1.0,
    1.0,
    1.0,
    1.0,
    1.0
  ],
  "best_accuracy": 1.0,
  "best_epoch": 1,
  "final_loss": 2.8786963255569084e-05,
  "final_accuracy": 1.0
}