{
    "num_trials": 1,
    "accuracy": [
        0.8733333333333333
    ],
    "precision": [
        0.8733997155049789
    ],
    "recall": [
        0.8733333333333333
    ],
    "f1score": [
        0.8733277034534869
    ],
    "accuracy_mean": 0.8733333333333333,
    "accuracy_std": 0.0,
    "precision_mean": 0.8733997155049789,
    "recall_mean": 0.8733333333333333,
    "f1score_mean": 0.8733277034534869
}