{
  "train_losses": [
    0.6305290216749365,
    0.5884064137935638,
    0.574200767007741,
    0.5579418567093936,
    0.5490143719044599,
    0.5456181615591049,
    0.5412658574906263,
    0.5399952178651636,
    0.5376619764349677,
    0.537044190547683,
    0.5362918322736566,
    0.5357508943839506,
    0.5350875786759637,
    0.5347768095406619,
    0.5347932522947138
  ],
  "test_accuracies": [
    0.8733333333333333,
    0.9166666666666666,
    0.9133333333333333,
    0.9433333333333334,
    0.9533333333333334,
    0.95,
    0.9666666666666667,
    0.96,
    0.9566666666666667,
    0.96,
    0.9533333333333334,
    0.96,
    0.9666666666666667,
    0.9666666666666667,
    0.96
  ],
  "best_accuracy": 0.9666666666666667,
  "best_epoch": 7,
  "final_loss": 0.5347932522947138,
  "final_accuracy": 0.96
}