{
  "train_losses": [
    0.1379733216387897,
    0.048281837454520755,
    0.024809142030955463,
    0.02549331815258814,
    0.033085172609637746,
    0.017894523421835565,
    0.012711045183343893,
    0.0033114534939655146,
    0.0025916666528835526,
    0.005776028758201723,
    0.006117545794619549,
    0.0046553730693507205,
    0.0010976540867308029,
    0.00037294530810330883,
    0.00031994994613817403
  ],
  "test_accuracies": [
    0.9833333333333333,
    0.9933333333333333,
    0.9866666666666667,
    0.9766666666666667,
    0.9933333333333333,
    0.9866666666666667,
    0.99,
    0.99,
    0.99,
    0.9933333333333333,
    0.99,
    0.99,
    0.99,
    0.99,
    0.99
  ],
  "best_accuracy": 0.9933333333333333,
  "best_epoch": 2,
  "final_loss": 0.00031994994613817403,
  "final_accuracy": 0.99
}