{
  "train_losses": [
    0.597899975424463,
    0.4566937678239562,
    0.4042607606811957,
    0.37992920591072604,
    0.3688362166285515,
    0.3593777194619179,
    0.3520661633123051,
    0.34795337644490326,
    0.3436861688440496,
    0.3412321711128408,
    0.339430723677982,
    0.3384049439972097,
    0.33838211541826074,
    0.33655951104380866,
    0.3359457030892372
  ],
  "test_accuracies": [
    0.91,
    0.9233333333333333,
    0.9566666666666667,
    0.9533333333333334,
    0.95,
    0.9633333333333334,
    0.97,
    0.9666666666666667,
    0.9666666666666667,
    0.9666666666666667,
    0.9633333333333334,
    0.96,
    0.9633333333333334,
    0.9633333333333334,
    0.9633333333333334
  ],
  "best_accuracy": 0.97,
  "best_epoch": 7,
  "final_loss": 0.3359457030892372,
  "final_accuracy": 0.9633333333333334
}