{
  "train_losses": [
    0.33679847848940303,
    0.05926563867515969,
    0.03653660537119405,
    0.029631758116672492,
    0.013139048628958832,
    0.007881167194599666,
    0.004899701171449455,
    0.004596459838508467,
    0.0011865969482972684,
    0.00045538337831823645,
    0.0003468522438445441,
    0.0002567837075069044,
    0.00024205200727258423,
    0.0002312517733829819,
    0.00017964185501155455
  ],
  "test_accuracies": [
    0.9633333333333334,
    0.9766666666666667,
    0.98,
    0.9866666666666667,
    0.99,
    0.99,
    0.9866666666666667,
    0.9933333333333333,
    0.99,
    0.99,
    0.99,
    0.99,
    0.99,
    0.99,
    0.99
  ],
  "best_accuracy": 0.9933333333333333,
  "best_epoch": 8,
  "final_loss": 0.00017964185501155455,
  "final_accuracy": 0.99
}