{
  "train_losses": [
    0.1072500162249939,
    0.0242689354378275,
    0.01698144172835534,
    0.04782160718753981,
    0.019217812634906295,
    0.010651019240288984,
    0.010575304726526983,
    0.006002024994948194,
    0.003917996153414937,
    0.015772010873123774,
    0.013571187796432323,
    0.01617048771871313,
    0.004976759351042016,
    0.01629421666678933,
    0.029390548461296104
  ],
  "test_accuracies": [
    0.9833333333333333,
    0.9666666666666667,
    0.9833333333333333,
    0.9733333333333334,
    0.9866666666666667,
    0.9833333333333333,
    0.9766666666666667,
    0.9866666666666667,
    0.9766666666666667,
    0.9833333333333333,
    0.99,
    0.99,
    0.9933333333333333,
    0.9866666666666667,
    0.9866666666666667
  ],
  "best_accuracy": 0.9933333333333333,
  "best_epoch": 13,
  "final_loss": 0.029390548461296104,
  "final_accuracy": 0.9866666666666667
}