{
  "train_losses": [
    0.32717343482231215,
    0.10488155198452825,
    0.05654800826662474,
    0.04357032835568217,
    0.03355249494912145,
    0.02377145328765354,
    0.02696801449763536,
    0.017800732694674727,
    0.017167034490822432,
    0.011083123595116458,
    0.017058878506139245,
    0.011237180776581888,
    0.010319149625502178,
    0.008210586671215093,
    0.006764461721683223
  ],
  "test_accuracies": [
    0.9566666666666667,
    0.9666666666666667,
    0.98,
    0.9866666666666667,
    0.9866666666666667,
    0.9766666666666667,
    0.99,
    0.9866666666666667,
    0.99,
    0.99,
    0.9933333333333333,
    0.9966666666666667,
    0.9933333333333333,
    0.9866666666666667,
    0.99
  ],
  "best_accuracy": 0.9966666666666667,
  "best_epoch": 12,
  "final_loss": 0.006764461721683223,
  "final_accuracy": 0.99
}