{
    "num_trials": 1,
    "accuracy": [
        0.99
    ],
    "precision": [
        0.9900217787457221
    ],
    "recall": [
        0.99
    ],
    "f1score": [
        0.9899998888876543
    ],
    "accuracy_mean": 0.99,
    "accuracy_std": 0.0,
    "precision_mean": 0.9900217787457221,
    "recall_mean": 0.99,
    "f1score_mean": 0.9899998888876543
}