{
  "train_losses": [
    0.6526096734133634,
    0.599268611181866,
    0.565681129693985,
    0.5533066432584416,
    0.5497033067724921,
    0.5479804941199042,
    0.5468612150712446,
    0.5454821247946132,
    0.5433816422115673,
    0.5414171259511601,
    0.5391982549970801,
    0.5368079109625383,
    0.5345837629654191,
    0.5330819677222859,
    0.5316260646690022
  ],
  "test_accuracies": [
    0.8633333333333333,
    0.91,
    0.9266666666666666,
    0.94,
    0.9333333333333333,
    0.9333333333333333,
    0.93,
    0.93,
    0.92,
    0.9366666666666666,
    0.9266666666666666,
    0.9433333333333334,
    0.9466666666666667,
    0.9366666666666666,
    0.9533333333333334
  ],
  "best_accuracy": 0.9533333333333334,
  "best_epoch": 15,
  "final_loss": 0.5316260646690022,
  "final_accuracy": 0.9533333333333334
}