{
  "train_losses": [
    0.5853439339182593,
    0.4937554726546461,
    0.45525712248953903,
    0.437637289816683,
    0.4234908690506762,
    0.40435651486570184,
    0.3895803615450859,
    0.37982137298042123,
    0.37467540529641236,
    0.37263465401801193,
    0.3704958354884928,
    0.3691506731239232,
    0.3666979907588525,
    0.36673288385976444,
    0.3651524010029706
  ],
  "test_accuracies": [
    0.9833333333333333,
    0.9866666666666667,
    0.9866666666666667,
    0.9833333333333333,
    0.99,
    0.9833333333333333,
    0.9833333333333333,
    0.99,
    0.99,
    0.99,
    0.9866666666666667,
    0.9866666666666667,
    0.9833333333333333,
    0.9866666666666667,
    0.99
  ],
  "best_accuracy": 0.99,
  "best_epoch": 5,
  "final_loss": 0.3651524010029706,
  "final_accuracy": 0.99
}