{
  "train_losses": [
    0.4135629455135627,
    0.15625718483616682,
    0.09880222513509745,
    0.06734821801497178,
    0.06699423888825219,
    0.06077412044396624,
    0.061928700052455744,
    0.04086147222551517,
    0.05390650466274978,
    0.043376103980170395,
    0.06629898432187144,
    0.04343370387935217,
    0.06131737368096682,
    0.019522127039884006,
    0.008036047430571423
  ],
  "test_accuracies": [
    0.94,
    0.98,
    0.9833333333333333,
    0.9833333333333333,
    0.99,
    0.99,
    0.9866666666666667,
    0.9833333333333333,
    0.98,
    0.9766666666666667,
    0.9766666666666667,
    0.9866666666666667,
    0.9866666666666667,
    0.99,
    0.99
  ],
  "best_accuracy": 0.99,
  "best_epoch": 5,
  "final_loss": 0.008036047430571423,
  "final_accuracy": 0.99
}