{
  "train_losses": [
    0.6130808144807816,
    0.5495990284464576,
    0.5355236719955098,
    0.530634116042744,
    0.5276754715225913,
    0.5260267894376408,
    0.5236371545629068,
    0.5219650322740729,
    0.5204633196646516,
    0.5189653553745963,
    0.5161840339953249,
    0.5152601254257289,
    0.5142531090162017,
    0.5152502798221328,
    0.5137184851548888
  ],
  "test_accuracies": [
    0.97,
    0.9833333333333333,
    0.9866666666666667,
    0.98,
    0.9766666666666667,
    0.98,
    0.98,
    0.9833333333333333,
    0.9766666666666667,
    0.9833333333333333,
    0.98,
    0.9766666666666667,
    0.9833333333333333,
    0.9833333333333333,
    0.9766666666666667
  ],
  "best_accuracy": 0.9866666666666667,
  "best_epoch": 3,
  "final_loss": 0.5137184851548888,
  "final_accuracy": 0.9766666666666667
}