model,class_a,class_b,trial,seed,accuracy,precision,recall,f1score,duration_seconds
QuantumCNN,2,9,1,1332,0.9433333333333334,0.9457303722239601,0.9433333333333334,0.9432570455835066,32.631078
