{
    "num_trials": 3,
    "accuracy": [
        0.5,
        0.58,
        0.49333333333333335
    ],
    "precision": [
        0.25,
        0.6219842775820006,
        0.24832214765100674
    ],
    "recall": [
        0.5,
        0.58,
        0.49333333333333335
    ],
    "f1score": [
        0.3333333333333333,
        0.5404590546586268,
        0.33035714285714285
    ],
    "accuracy_mean": 0.5244444444444445,
    "accuracy_std": 0.03937787810370964,
    "precision_mean": 0.3734354750776691,
    "recall_mean": 0.5244444444444445,
    "f1score_mean": 0.40138317694970094
}