{
  "train_losses": [
    0.6717153164473447,
    0.6406124369664625,
    0.619902411645109,
    0.6065647453069687,
    0.5986446887254715,
    0.5898134735497561,
    0.5809138715267181,
    0.5755613419142637,
    0.5729644081809304,
    0.5707621736959978,
    0.5686646523800764,
    0.5675389780239626,
    0.5667586055668917,
    0.5663168064572595,
    0.5660908127372916
  ],
  "test_accuracies": [
    0.8566666666666667,
    0.9466666666666667,
    0.8866666666666667,
    0.9166666666666666,
    0.93,
    0.9433333333333334,
    0.9466666666666667,
    0.95,
    0.95,
    0.95,
    0.9466666666666667,
    0.95,
    0.95,
    0.9533333333333334,
    0.95
  ],
  "best_accuracy": 0.9533333333333334,
  "best_epoch": 14,
  "final_loss": 0.5660908127372916,
  "final_accuracy": 0.95
}