{
  "train_losses": [
    0.3591070626968179,
    0.04907549405999651,
    0.013474629861196841,
    0.010399868935068795,
    0.0015862696243196049,
    0.0005353608782198452,
    0.00029491901734052755,
    0.0002729055308815408,
    0.00023580399362737643,
    0.0001681757432007461,
    0.00020573765156810126,
    0.00019155022147804795,
    0.0002885599733417621,
    0.0001649526213069211,
    0.00015714617520436812
  ],
  "test_accuracies": [
    0.9733333333333334,
    0.9933333333333333,
    1.0,
    1.0,
    1.0,
    1.0,
    1.0,
    1.0,
    1.0,
    1.0,
    1.0,
    1.0,
    1.0,
    1.0,
    1.0
  ],
  "best_accuracy": 1.0,
  "best_epoch": 3,
  "final_loss": 0.00015714617520436812,
  "final_accuracy": 1.0
}