{
  "train_losses": [
    0.08833174865652506,
    0.023541991816542082,
    0.020313196888971354,
    0.007190214140709114,
    0.00882215172177067,
    0.0038792347376928856,
    0.0012857742772883864,
    0.0005697368013515684,
    0.0003262003717840013,
    0.0005302217764851362,
    0.012378174142833648,
    0.059468134200358236,
    0.014000914997351092,
    0.00283362638822382,
    0.002766633562590538
  ],
  "test_accuracies": [
    1.0,
    0.9866666666666667,
    1.0,
    1.0,
    1.0,
    1.0,
    1.0,
    1.0,
    1.0,
    1.0,
    0.9933333333333333,
    0.97,
    1.0,
    0.9966666666666667,
    1.0
  ],
  "best_accuracy": 1.0,
  "best_epoch": 1,
  "final_loss": 0.002766633562590538,
  "final_accuracy": 1.0
}