{
  "train_losses": [
    0.6326894191178408,
    0.5161090303551067,
    0.46390580995516345,
    0.43573740260167554,
    0.4163734506477009,
    0.3989276134155013,
    0.3831917535174977,
    0.3686118600043384,
    0.3552445024251938,
    0.34880332310091366,
    0.34665935215624893,
    0.34457642517306586,
    0.3429486595771529,
    0.3420268561352383,
    0.3413355174389752
  ],
  "test_accuracies": [
    0.7933333333333333,
    0.96,
    0.96,
    0.97,
    0.9666666666666667,
    0.9633333333333334,
    0.9566666666666667,
    0.9566666666666667,
    0.9533333333333334,
    0.9566666666666667,
    0.9633333333333334,
    0.96,
    0.9633333333333334,
    0.9633333333333334,
    0.9633333333333334
  ],
  "best_accuracy": 0.97,
  "best_epoch": 4,
  "final_loss": 0.3413355174389752,
  "final_accuracy": 0.9633333333333334
}