{
  "train_losses": [
    0.6410068639300086,
    0.5993391925638373,
    0.5861233946951953,
    0.5785334232178602,
    0.5738389451395381,
    0.5709100623022426,
    0.567885318940336,
    0.5637858428738334,
    0.5631993318145926,
    0.5611517537723888,
    0.5616556798869913,
    0.5613658780401404,
    0.5594899478283796,
    0.5597779046405446,
    0.5592204643921419
  ],
  "test_accuracies": [
    0.92,
    0.9233333333333333,
    0.9433333333333334,
    0.9233333333333333,
    0.9333333333333333,
    0.93,
    0.9366666666666666,
    0.9033333333333333,
    0.9466666666666667,
    0.9533333333333334,
    0.9533333333333334,
    0.9566666666666667,
    0.9633333333333334,
    0.9566666666666667,
    0.95
  ],
  "best_accuracy": 0.9633333333333334,
  "best_epoch": 13,
  "final_loss": 0.5592204643921419,
  "final_accuracy": 0.95
}