{
  "train_losses": [
    0.11495413560822437,
    0.0548789747196927,
    0.044551431608852,
    0.039391015936747535,
    0.03839133748707271,
    0.03961820791433142,
    0.02797458094970683,
    0.027809053155909747,
    0.024634942002938424,
    0.034913655201142486,
    0.01890994616604241,
    0.016392941852907163,
    0.019323343898246425,
    0.012694095220426376,
    0.01800453134985053
  ],
  "test_accuracies": [
    0.9866666666666667,
    0.9733333333333334,
    0.97,
    0.9766666666666667,
    0.9733333333333334,
    0.99,
    0.99,
    0.99,
    0.9833333333333333,
    0.99,
    0.9866666666666667,
    0.99,
    0.99,
    0.98,
    0.9866666666666667
  ],
  "best_accuracy": 0.99,
  "best_epoch": 6,
  "final_loss": 0.01800453134985053,
  "final_accuracy": 0.9866666666666667
}