{
  "train_losses": [
    0.6941145821051165,
    0.6931334205649116,
    0.6866882890462875,
    0.6738099957054312,
    0.6758925210345875,
    0.6658496030352332,
    0.6668779782273553,
    0.6634234826673161,
    0.6563018695874647,
    0.650985066186298,
    0.6521291732788086,
    0.6392769664525986,
    0.6316122670065273,
    0.6348158148202029,
    0.6305672566999089
  ],
  "test_accuracies": [
    0.5,
    0.5,
    0.5666666666666667,
    0.5766666666666667,
    0.53,
    0.5666666666666667,
    0.58,
    0.5633333333333334,
    0.59,
    0.5833333333333334,
    0.6066666666666667,
    0.6233333333333333,
    0.5766666666666667,
    0.5833333333333334,
    0.5966666666666667
  ],
  "best_accuracy": 0.6233333333333333,
  "best_epoch": 12,
  "final_loss": 0.6305672566999089,
  "final_accuracy": 0.5966666666666667
}