{
  "train_losses": [
    0.21875234800179236,
    0.042614243539653464,
    0.03540354501720602,
    0.03476430951956321,
    0.026598977290797684,
    0.01858497833630033,
    0.019655484215697717,
    0.015027703535782744,
    0.012532441378136189,
    0.013101171886029822,
    0.00869427923349907,
    0.006283692784067666,
    0.004463376693655102,
    0.004302617780426358,
    0.003173894256840206
  ],
  "test_accuracies": [
    0.9833333333333333,
    0.99,
    0.9966666666666667,
    0.9933333333333333,
    0.9766666666666667,
    0.9933333333333333,
    0.99,
    0.96,
    0.99,
    0.9933333333333333,
    0.9866666666666667,
    0.9933333333333333,
    0.9933333333333333,
    0.9866666666666667,
    0.9933333333333333
  ],
  "best_accuracy": 0.9966666666666667,
  "best_epoch": 3,
  "final_loss": 0.003173894256840206,
  "final_accuracy": 0.9933333333333333
}