{
  "train_losses": [
    0.5995071760632775,
    0.5307679487900301,
    0.5161682441830635,
    0.5060155737129125,
    0.4985981360077858,
    0.4927514913407239,
    0.4881631914864887,
    0.4859497770667076,
    0.48412594266913156,
    0.4829647033052011,
    0.4831686243414879,
    0.48207332532514224,
    0.4819899025288495,
    0.4817012534900145,
    0.4814293079755523
  ],
  "test_accuracies": [
    0.9533333333333334,
    0.96,
    0.9566666666666667,
    0.95,
    0.9533333333333334,
    0.9533333333333334,
    0.9466666666666667,
    0.94,
    0.9533333333333334,
    0.9533333333333334,
    0.9533333333333334,
    0.95,
    0.9533333333333334,
    0.9533333333333334,
    0.9533333333333334
  ],
  "best_accuracy": 0.96,
  "best_epoch": 2,
  "final_loss": 0.4814293079755523,
  "final_accuracy": 0.9533333333333334
}