{
  "train_losses": [
    0.6500159840692173,
    0.6090254878455942,
    0.6000706878575411,
    0.5973082970489155,
    0.5946695953607559,
    0.5917703861540015,
    0.5895438262007453,
    0.5869867639108137,
    0.5832650038329038,
    0.5806379372423346,
    0.5789570672945543,
    0.5771168998696588,
    0.5761364617130973,
    0.5751485052433881,
    0.5749685344370928
  ],
  "test_accuracies": [
    0.8566666666666667,
    0.9033333333333333,
    0.9066666666666666,
    0.9166666666666666,
    0.9266666666666666,
    0.9166666666666666,
    0.9133333333333333,
    0.9466666666666667,
    0.94,
    0.9366666666666666,
    0.9333333333333333,
    0.9433333333333334,
    0.9266666666666666,
    0.9266666666666666,
    0.93
  ],
  "best_accuracy": 0.9466666666666667,
  "best_epoch": 8,
  "final_loss": 0.5749685344370928,
  "final_accuracy": 0.93
}