{
  "train_losses": [
    0.6977798979390751,
    0.6962104412642393,
    0.6927888650785793,
    0.6932325823740526,
    0.694750653071837,
    0.6936982490799644,
    0.6938579055395994,
    0.6936525092883543,
    0.693296030163765,
    0.6937935135581277,
    0.6931922720237211,
    0.69353771480647,
    0.6934075775471601,
    0.6938598833300851,
    0.6930210251699794
  ],
  "test_accuracies": [
    0.5,
    0.5633333333333334,
    0.5,
    0.5,
    0.5,
    0.5,
    0.5,
    0.5,
    0.5,
    0.5,
    0.5,
    0.5033333333333333,
    0.51,
    0.5266666666666666,
    0.5733333333333334
  ],
  "best_accuracy": 0.5733333333333334,
  "best_epoch": 15,
  "final_loss": 0.6930210251699794,
  "final_accuracy": 0.5733333333333334
}