{
  "train_losses": [
    0.6923552724448118,
    0.6889180324294351,
    0.6865711510181427,
    0.6845069581812079,
    0.6839661787856709,
    0.6839093552394346,
    0.6834191246466204,
    0.6828003593466498,
    0.6820576123215936,
    0.682513950900598,
    0.6814458248290148,
    0.6822314628145911,
    0.6815425130453977,
    0.6809795336289839,
    0.6806053925644268
  ],
  "test_accuracies": [
    0.5666666666666667,
    0.5533333333333333,
    0.5766666666666667,
    0.58,
    0.56,
    0.56,
    0.57,
    0.6,
    0.57,
    0.5966666666666667,
    0.6,
    0.5733333333333334,
    0.5866666666666667,
    0.58,
    0.58
  ],
  "best_accuracy": 0.6,
  "best_epoch": 8,
  "final_loss": 0.6806053925644268,
  "final_accuracy": 0.58
}