{
  "train_losses": [
    0.6174834397706118,
    0.5508583160963926,
    0.5206804702227766,
    0.4891838817433877,
    0.45800641111352225,
    0.44119001112200995,
    0.4336478127674623,
    0.43026426840912213,
    0.42840541966936807,
    0.4263300204818899,
    0.42548664523796603,
    0.4251439584927125,
    0.4240324673327533,
    0.4236788891933181,
    0.42337004840373993
  ],
  "test_accuracies": [
    0.8666666666666667,
    0.9166666666666666,
    0.9133333333333333,
    0.9033333333333333,
    0.8933333333333333,
    0.9066666666666666,
    0.9066666666666666,
    0.8966666666666666,
    0.8933333333333333,
    0.8866666666666667,
    0.89,
    0.8966666666666666,
    0.8933333333333333,
    0.8933333333333333,
    0.8966666666666666
  ],
  "best_accuracy": 0.9166666666666666,
  "best_epoch": 2,
  "final_loss": 0.42337004840373993,
  "final_accuracy": 0.8966666666666666
}