{
  "train_losses": [
    0.1785038800338622,
    0.020965364044638012,
    0.025606616442515093,
    0.006869587934654026,
    0.0009020489257264588,
    0.0008971647430784783,
    0.008535036002533823,
    0.0010731868100761362,
    0.0002167135805124913,
    0.00012779461373859456,
    9.445754269356918e-05,
    9.96116492511977e-05,
    0.00010750721425913731,
    8.578537277902466e-05,
    9.820699637492163e-05
  ],
  "test_accuracies": [
    0.9866666666666667,
    0.99,
    0.9833333333333333,
    1.0,
    0.9966666666666667,
    1.0,
    1.0,
    1.0,
    1.0,
    1.0,
    1.0,
    1.0,
    1.0,
    1.0,
    1.0
  ],
  "best_accuracy": 1.0,
  "best_epoch": 4,
  "final_loss": 9.820699637492163e-05,
  "final_accuracy": 1.0
}