model,class_a,class_b,trial,seed,accuracy,precision,recall,f1score,duration_seconds
ClassicalCNN,2,4,1,282,0.9833333333333333,0.9833548157695897,0.9833333333333333,0.9833331481460906,1.983301
