{
  "train_losses": [
    3.960179380395196,
    0.7021281719207764,
    0.6944561316208406,
    0.694138459183953,
    0.6959704255515878,
    0.6941137273203243,
    0.7086175680160522,
    0.7005884715101935,
    0.6953680664300919,
    0.6930636628107592,
    0.6948152943090959,
    0.693082866343585,
    0.7023627297444777,
    0.6985192095691507,
    0.6953604329716075,
    0.7053980962796644,
    0.7222973541779951,
    0.7216865257783369,
    0.6945499276573007,
    0.693700289184397,
    0.6934957057237625,
    0.6934082548726689,
    0.6936292323199186,
    0.6934502192518928,
    0.6932487745176662,
    0.69328188625249,
    0.6932121989401904,
    0.6932265108281915,
    0.6933391310951926,
    0.6931850205768239,
    0.6931786008856513,
    0.6932490305467085,
    0.6932569173249331,
    0.6933385364033959,
    0.6932666084983132,
    0.693158207969232,
    0.6930793659253554,
    0.6931871595707807,
    0.693161128596826,
    0.6931297697804191,
    0.6931995546275919,
    0.6932217383926566,
    0.6931761787696318,
    0.6931835995479063,
    0.6931787322868,
    0.693210859190334,
    0.6931819888678464,
    0.6930920129472559,
    0.6932022490284659,
    0.6931832432746887,
    0.6930981522256677,
    0.6931884302334352,
    0.6931960880756378,
    0.693178882653063,
    0.6931378001516516,
    0.6931240531531248,
    0.6931255947459828,
    0.6931022852659225,
    0.6932103308764371,
    0.6931126483462073,
    0.6930962232026187,
    0.6931668045845899,
    0.6930786168033426,
    0.6931394189596176,
    0.6931501924991608,
    0.6931689300320365,
    0.6932013061913577,
    0.6931684071367438,
    0.6931709389794957,
    0.6931759295138445,
    0.6930361728776585,
    0.6931539936499163,
    0.6931126808578317,
    0.6930988173593174,
    0.6930985057895834,
    0.6931547210975126,
    0.6931583867831663,
    0.693141601302407,
    0.693129072135145,
    0.6930770643732764,
    0.6931271282109347,
    0.6932062953710556,
    0.6931266256354072,
    0.6931075589223341,
    0.6931362883611158,
    0.6931626837361943,
    0.6931696981191635,
    0.6932360976934433,
    0.69314075329087,
    0.6931773627346213,
    0.6932334913448854,
    0.6930757666176016,
    0.693143831057982,
    0.693159275434234,
    0.6931867016987368,
    0.6931892470879988,
    0.6930916797031056,
    0.6931751587174155,
    0.6931456259705804,
    0.6931746222756126
  ],
  "test_accuracies": [
    50.0,
    50.0,
    50.0,
    50.0,
    50.0,
    50.0,
    53.333333333333336,
    50.0,
    52.0,
    56.666666666666664,
    50.0,
    50.0,
    50.0,
    50.0,
    49.666666666666664,
    51.666666666666664,
    50.0,
    50.0,
    50.0,
    50.0,
    50.0,
    50.0,
    50.0,
    50.0,
    50.0,
    50.0,
    50.0,
    50.0,
    50.0,
    50.0,
    50.0,
    50.0,
    50.0,
    50.0,
    50.0,
    50.0,
    50.0,
    50.0,
    50.0,
    49.666666666666664,
    50.0,
    50.0,
    50.0,
    50.0,
    49.666666666666664,
    50.0,
    50.0,
    49.666666666666664,
    50.0,
    50.0,
    50.0,
    49.666666666666664,
    50.0,
    50.0,
    50.0,
    50.0,
    50.0,
    49.666666666666664,
    50.0,
    49.666666666666664,
    50.0,
    49.666666666666664,
    50.0,
    50.0,
    49.666666666666664,
    49.666666666666664,
    49.666666666666664,
    49.666666666666664,
    49.666666666666664,
    49.666666666666664,
    49.666666666666664,
    49.666666666666664,
    49.666666666666664,
    49.666666666666664,
    49.666666666666664,
    49.666666666666664,
    49.666666666666664,
    49.666666666666664,
    49.666666666666664,
    49.666666666666664,
    49.666666666666664,
    49.666666666666664,
    49.666666666666664,
    49.666666666666664,
    49.666666666666664,
    49.666666666666664,
    49.666666666666664,
    49.666666666666664,
    49.666666666666664,
    49.666666666666664,
    49.666666666666664,
    49.666666666666664,
    49.666666666666664,
    49.666666666666664,
    49.666666666666664,
    49.666666666666664,
    49.666666666666664,
    49.666666666666664,
    49.666666666666664,
    49.666666666666664
  ],
  "best_accuracy": 56.666666666666664,
  "best_epoch": 10,
  "final_loss": 0.6931746222756126,
  "final_accuracy": 49.666666666666664
}