{
  "train_losses": [
    0.593318020078269,
    0.5132117291743105,
    0.4767180268060077,
    0.4497865174304355,
    0.43519766425544565,
    0.4274237880652601,
    0.42359067838300357,
    0.4221945601430806,
    0.42196295342662116,
    0.42208404771306296,
    0.4218761636452241,
    0.42108888856389304,
    0.42097181488167157,
    0.42072201655669644,
    0.4206289113922553
  ],
  "test_accuracies": [
    0.88,
    0.9133333333333333,
    0.92,
    0.9166666666666666,
    0.9333333333333333,
    0.9266666666666666,
    0.9233333333333333,
    0.93,
    0.93,
    0.9333333333333333,
    0.9266666666666666,
    0.93,
    0.93,
    0.9333333333333333,
    0.93
  ],
  "best_accuracy": 0.9333333333333333,
  "best_epoch": 5,
  "final_loss": 0.4206289113922553,
  "final_accuracy": 0.93
}