model,class_a,class_b,trial,seed,accuracy,precision,recall,f1score,duration_seconds
QuantumNN,1,3,1,1172,0.9733333333333334,0.9740918803418803,0.9733333333333334,0.9733226623982925,34.805614
