{
  "train_losses": [
    0.15964103702965945,
    0.003771876146991169,
    0.002778804351402703,
    0.00023997911328230904,
    0.00016690853880163559,
    8.36228242891676e-05,
    0.00010349884390011125,
    0.000101036071568346,
    0.00010622630872541612,
    7.847604957656917e-05,
    0.00010045099089562758,
    0.001229312432950668,
    0.007479721822240618,
    0.009895779152939871,
    0.0001042833261218951
  ],
  "test_accuracies": [
    1.0,
    1.0,
    1.0,
    1.0,
    1.0,
    1.0,
    1.0,
    1.0,
    1.0,
    1.0,
    1.0,
    1.0,
    1.0,
    1.0,
    1.0
  ],
  "best_accuracy": 1.0,
  "best_epoch": 1,
  "final_loss": 0.0001042833261218951,
  "final_accuracy": 1.0
}