model,class_a,class_b,trial,seed,accuracy,precision,recall,f1score,duration_seconds
ClassicalCNN,3,9,1,432,0.9866666666666667,0.9866666666666667,0.9866666666666667,0.9866666666666667,2.104507
