{
  "train_losses": [
    0.6933062862266194,
    0.6885812865062193,
    0.6861738386479291,
    0.6849029186097059,
    0.6852114593440836,
    0.6845335269516165,
    0.6841890649362043,
    0.6854224828156558,
    0.6847350651567633,
    0.683125149119984,
    0.6822132955897938,
    0.6818205443295565,
    0.6812083843079481,
    0.6811768222938884,
    0.681214449080554
  ],
  "test_accuracies": [
    0.5233333333333333,
    0.5466666666666666,
    0.52,
    0.5166666666666667,
    0.5333333333333333,
    0.5366666666666666,
    0.53,
    0.5233333333333333,
    0.5366666666666666,
    0.5566666666666666,
    0.55,
    0.56,
    0.55,
    0.5333333333333333,
    0.55
  ],
  "best_accuracy": 0.56,
  "best_epoch": 12,
  "final_loss": 0.681214449080554,
  "final_accuracy": 0.55
}