{
    "num_trials": 1,
    "accuracy": [
        0.97
    ],
    "precision": [
        0.971025789497127
    ],
    "recall": [
        0.97
    ],
    "f1score": [
        0.96998365776923
    ],
    "accuracy_mean": 0.97,
    "accuracy_std": 0.0,
    "precision_mean": 0.971025789497127,
    "recall_mean": 0.97,
    "f1score_mean": 0.96998365776923
}