{
  "train_losses": [
    0.1967797980601476,
    0.07748380273022287,
    0.04955741823968393,
    0.04033807882197751,
    0.04185266778751446,
    0.02668744090525169,
    0.022724396435726456,
    0.024416616971641568,
    0.016740012111602646,
    0.014037504972128028,
    0.019417258431613762,
    0.027858919498447158,
    0.0067301917318797096,
    0.02389442712675108,
    0.014813746943962708
  ],
  "test_accuracies": [
    0.9866666666666667,
    0.9833333333333333,
    0.9933333333333333,
    0.97,
    0.9733333333333334,
    0.9966666666666667,
    0.9833333333333333,
    0.9966666666666667,
    0.9966666666666667,
    1.0,
    0.9966666666666667,
    1.0,
    0.9833333333333333,
    0.9866666666666667,
    1.0
  ],
  "best_accuracy": 1.0,
  "best_epoch": 10,
  "final_loss": 0.014813746943962708,
  "final_accuracy": 1.0
}