{
  "train_losses": [
    0.16521159337505445,
    0.038804320933360774,
    0.05264950812571359,
    0.05510552065309391,
    0.022776751084496605,
    0.011215871247589927,
    0.024360228366938165,
    0.021712606660664525,
    0.02655425940237034,
    0.012910496399936992,
    0.023258345493724682,
    0.01581921850315253,
    0.008031539686023527,
    0.005591307212357192,
    0.058402730923262425
  ],
  "test_accuracies": [
    0.9966666666666667,
    0.9666666666666667,
    0.9966666666666667,
    0.9966666666666667,
    1.0,
    0.9966666666666667,
    0.9966666666666667,
    0.9966666666666667,
    0.9933333333333333,
    0.9933333333333333,
    1.0,
    0.98,
    0.9933333333333333,
    0.9833333333333333,
    0.9833333333333333
  ],
  "best_accuracy": 1.0,
  "best_epoch": 5,
  "final_loss": 0.058402730923262425,
  "final_accuracy": 0.9833333333333333
}