{
  "train_losses": [
    0.6991447007114237,
    0.6934274109927091,
    0.6923847171393308,
    0.6914419572461735,
    0.690515631979162,
    0.6897671425884421,
    0.688947470350699,
    0.6877392936836589,
    0.6870508329434828,
    0.685344553806565
  ],
  "test_accuracies": [
    0.5,
    0.5,
    0.5,
    0.5166666666666667,
    0.53,
    0.5433333333333333,
    0.5866666666666667,
    0.5566666666666666,
    0.5233333333333333,
    0.5633333333333334
  ],
  "best_accuracy": 0.5866666666666667,
  "best_epoch": 7,
  "final_loss": 0.685344553806565,
  "final_accuracy": 0.5633333333333334
}