{
  "train_losses": [
    0.3677365632346747,
    0.09487654897384346,
    0.051597438657402316,
    0.034453892450652675,
    0.04883494399837218,
    0.031106340714772654,
    0.029075913334963843,
    0.02268069448936413,
    0.011852354636754502,
    0.007077879846375171,
    0.0038821675771859273,
    0.02086388060971248,
    0.014149611611669983,
    0.01998656781729964,
    0.02164833745171729
  ],
  "test_accuracies": [
    0.97,
    0.9866666666666667,
    0.9866666666666667,
    0.9866666666666667,
    0.9933333333333333,
    0.9833333333333333,
    0.99,
    0.9966666666666667,
    0.9933333333333333,
    0.9866666666666667,
    0.9933333333333333,
    0.98,
    0.9833333333333333,
    0.99,
    0.9933333333333333
  ],
  "best_accuracy": 0.9966666666666667,
  "best_epoch": 8,
  "final_loss": 0.02164833745171729,
  "final_accuracy": 0.9933333333333333
}