{
  "train_losses": [
    0.518748325380412,
    0.3687674633481286,
    0.31463517587293277,
    0.28417413106018846,
    0.26312764835628594,
    0.24481464075771245,
    0.2198600907894698,
    0.20278180051933636,
    0.19580888612703842,
    0.19309309023347768,
    0.19155502319335938,
    0.19030765511772849,
    0.18872024593028155,
    0.18757647716186263,
    0.18603777275844055
  ],
  "test_accuracies": [
    0.9633333333333334,
    0.9966666666666667,
    1.0,
    1.0,
    1.0,
    1.0,
    1.0,
    1.0,
    1.0,
    1.0,
    1.0,
    1.0,
    1.0,
    1.0,
    1.0
  ],
  "best_accuracy": 1.0,
  "best_epoch": 3,
  "final_loss": 0.18603777275844055,
  "final_accuracy": 1.0
}