{
  "train_losses": [
    0.6231148527427153,
    0.5506370169195262,
    0.5173988911238584,
    0.5017900954593312,
    0.4934270808642561,
    0.4888150238177993,
    0.48419270190325653,
    0.4762812771580436,
    0.4651395082473755,
    0.4576687453822656,
    0.4518553824587302,
    0.4466408829797398,
    0.44285630908879364,
    0.4372723637656732,
    0.4287133900956674
  ],
  "test_accuracies": [
    0.88,
    0.9266666666666666,
    0.9566666666666667,
    0.95,
    0.9566666666666667,
    0.9566666666666667,
    0.9633333333333334,
    0.9733333333333334,
    0.9633333333333334,
    0.9766666666666667,
    0.95,
    0.9533333333333334,
    0.9533333333333334,
    0.9433333333333334,
    0.94
  ],
  "best_accuracy": 0.9766666666666667,
  "best_epoch": 10,
  "final_loss": 0.4287133900956674,
  "final_accuracy": 0.94
}