{
  "train_losses": [
    0.6401552246375517,
    0.594837870110165,
    0.5756441436030648,
    0.5605245571244847,
    0.5480044280940836,
    0.5416400608691302,
    0.5355440486561168,
    0.5322897352955558,
    0.5301271311261437,
    0.5279840109023181
  ],
  "test_accuracies": [
    1.0,
    1.0,
    1.0,
    1.0,
    1.0,
    1.0,
    0.9966666666666667,
    1.0,
    1.0,
    1.0
  ],
  "best_accuracy": 1.0,
  "best_epoch": 1,
  "final_loss": 0.5279840109023181,
  "final_accuracy": 1.0
}