{
  "train_losses": [
    0.6500393856655468,
    0.6014139421961524,
    0.587296798825264,
    0.5814131552522833,
    0.5772182900797237,
    0.5736466564915397,
    0.569632119753144,
    0.5637644502249631,
    0.5589197399941358,
    0.5556092113256454,
    0.5515742965719916,
    0.5507428348064423,
    0.5500785735520449,
    0.5488244931806218,
    0.5489716827869415
  ],
  "test_accuracies": [
    0.9233333333333333,
    0.9466666666666667,
    0.9366666666666666,
    0.9466666666666667,
    0.9466666666666667,
    0.9433333333333334,
    0.9566666666666667,
    0.9366666666666666,
    0.94,
    0.9433333333333334,
    0.95,
    0.9466666666666667,
    0.9466666666666667,
    0.95,
    0.9466666666666667
  ],
  "best_accuracy": 0.9566666666666667,
  "best_epoch": 7,
  "final_loss": 0.5489716827869415,
  "final_accuracy": 0.9466666666666667
}