{
    "num_trials": 1,
    "accuracy": [
        0.94
    ],
    "precision": [
        0.9428341384863124
    ],
    "recall": [
        0.94
    ],
    "f1score": [
        0.939903846153846
    ],
    "accuracy_mean": 0.94,
    "accuracy_std": 0.0,
    "precision_mean": 0.9428341384863124,
    "recall_mean": 0.94,
    "f1score_mean": 0.939903846153846
}