{
  "train_losses": [
    0.1672552990494296,
    0.038929118533401794,
    0.036530685661339456,
    0.035913946304224904,
    0.012713586925118843,
    0.014692994135905545,
    0.01884665878742453,
    0.016472093410212354,
    0.011024155950839155,
    0.011679501134081378,
    0.011679051958295035,
    0.002166143035372608,
    0.0003968894879810912,
    0.0004086037523103931,
    0.0006250183720649974
  ],
  "test_accuracies": [
    0.9866666666666667,
    0.98,
    0.9866666666666667,
    0.9866666666666667,
    0.9933333333333333,
    0.97,
    0.9933333333333333,
    0.9833333333333333,
    0.9866666666666667,
    0.9866666666666667,
    0.9866666666666667,
    0.9933333333333333,
    0.9933333333333333,
    0.9933333333333333,
    0.9933333333333333
  ],
  "best_accuracy": 0.9933333333333333,
  "best_epoch": 5,
  "final_loss": 0.0006250183720649974,
  "final_accuracy": 0.9933333333333333
}