{
  "train_losses": [
    0.6289564994248477,
    0.5877677554433997,
    0.5725056691603227,
    0.5632094171914187,
    0.5546896931799975,
    0.5482018508694388,
    0.546511472626166,
    0.5454921586947008,
    0.5445954691280018,
    0.5445095788348805,
    0.5450762469660152,
    0.5441347441890023,
    0.5446616194464944,
    0.5438849533146078,
    0.5428450364958156
  ],
  "test_accuracies": [
    0.9366666666666666,
    0.97,
    0.9533333333333334,
    0.96,
    0.9633333333333334,
    0.96,
    0.96,
    0.96,
    0.96,
    0.9633333333333334,
    0.9566666666666667,
    0.96,
    0.9566666666666667,
    0.9566666666666667,
    0.96
  ],
  "best_accuracy": 0.97,
  "best_epoch": 2,
  "final_loss": 0.5428450364958156,
  "final_accuracy": 0.96
}