{
  "train_losses": [
    0.6416564610871401,
    0.5985662693327124,
    0.5821108953519301,
    0.5713065361434763,
    0.5637874521992423,
    0.559338394891132,
    0.5569324087012898,
    0.5559654913165353,
    0.5544883012771606,
    0.5530996850945733,
    0.5517452210187912,
    0.5505477609959516,
    0.54993698136373,
    0.5494407632134177,
    0.5490878305651925
  ],
  "test_accuracies": [
    0.9133333333333333,
    0.91,
    0.95,
    0.9566666666666667,
    0.95,
    0.9433333333333334,
    0.9466666666666667,
    0.94,
    0.9566666666666667,
    0.9733333333333334,
    0.9733333333333334,
    0.97,
    0.9766666666666667,
    0.9766666666666667,
    0.9766666666666667
  ],
  "best_accuracy": 0.9766666666666667,
  "best_epoch": 13,
  "final_loss": 0.5490878305651925,
  "final_accuracy": 0.9766666666666667
}