{
  "train_losses": [
    0.6908394179560922,
    0.6864607009020719,
    0.684630433266813,
    0.6836773563515056,
    0.6832746375690807,
    0.6832006858153776,
    0.6831731254404242,
    0.6828242133964192,
    0.6821801066398621,
    0.6821048733862963
  ],
  "test_accuracies": [
    0.54,
    0.5433333333333333,
    0.5433333333333333,
    0.5633333333333334,
    0.5466666666666666,
    0.5566666666666666,
    0.54,
    0.54,
    0.57,
    0.5366666666666666
  ],
  "best_accuracy": 0.57,
  "best_epoch": 9,
  "final_loss": 0.6821048733862963,
  "final_accuracy": 0.5366666666666666
}