model,class_a,class_b,trial,seed,accuracy,precision,recall,f1score,duration_seconds
QuantumNN,0,9,1,1132,0.9533333333333334,0.9534139402560455,0.9533333333333334,0.9533312591670741,35.039881
