{
    "num_trials": 1,
    "accuracy": [
        0.99
    ],
    "precision": [
        0.9901960784313726
    ],
    "recall": [
        0.99
    ],
    "f1score": [
        0.98999899989999
    ],
    "accuracy_mean": 0.99,
    "accuracy_std": 0.0,
    "precision_mean": 0.9901960784313726,
    "recall_mean": 0.99,
    "f1score_mean": 0.98999899989999
}