{
  "train_losses": [
    0.6671970865943215,
    0.5664246515794233,
    0.534188871356574,
    0.5062489130280234,
    0.4912497570568865,
    0.48367660357193515,
    0.47733804922212253,
    0.47230305590412835,
    0.46797542680393567,
    0.46431779725985095,
    0.46232436936010013,
    0.46024224907159805,
    0.46024311130697076,
    0.4593893066048622,
    0.45978411016139115
  ],
  "test_accuracies": [
    0.8633333333333333,
    0.89,
    0.8833333333333333,
    0.9166666666666666,
    0.9266666666666666,
    0.9266666666666666,
    0.9266666666666666,
    0.9266666666666666,
    0.93,
    0.9266666666666666,
    0.9333333333333333,
    0.92,
    0.9233333333333333,
    0.9266666666666666,
    0.9266666666666666
  ],
  "best_accuracy": 0.9333333333333333,
  "best_epoch": 11,
  "final_loss": 0.45978411016139115,
  "final_accuracy": 0.9266666666666666
}