{
    "num_trials": 1,
    "accuracy": [
        0.9366666666666666
    ],
    "precision": [
        0.9399713402892841
    ],
    "recall": [
        0.9366666666666666
    ],
    "f1score": [
        0.9365475170041523
    ],
    "accuracy_mean": 0.9366666666666666,
    "accuracy_std": 0.0,
    "precision_mean": 0.9399713402892841,
    "recall_mean": 0.9366666666666666,
    "f1score_mean": 0.9365475170041523
}