model,class_a,class_b,trial,seed,accuracy,precision,recall,f1score,duration_seconds
QuantumCNN,8,9,1,1932,0.9366666666666666,0.9399713402892841,0.9366666666666666,0.9365475170041523,32.029847
