{
  "train_losses": [
    1.9884176443923602,
    0.703838277946819,
    0.6935801641507582,
    0.6937991610982202,
    0.6964213495904749,
    0.6923452642830935,
    0.6990328200838782,
    0.6920191997831519,
    0.690771449695934,
    0.6896317479285327,
    0.6915281740101901,
    0.6895464401353489,
    0.6912444626743143,
    0.6884666234254837,
    0.6856492026285692,
    0.7002897790887139,
    0.6918478987433694,
    0.685853891751983,
    0.6747347536412153,
    0.6874801489439878,
    0.689611784436486,
    0.6852321177721024,
    0.6797492165457119,
    0.6748655343597586,
    0.6724776612086729,
    0.6781121898781169,
    0.6686875901438973,
    0.6741382506760684,
    0.6706599403511394,
    0.6582769467072054,
    0.6571854908357967,
    0.6628171097148549,
    0.6575456898320805,
    0.6604821316220544,
    0.6541830951517279,
    0.6544135930863294,
    0.6543040140108629,
    0.6493574570525776,
    0.6497224799611352,
    0.6539885889400135,
    0.6479233367876573,
    0.6436198651790619,
    0.6473616510629654,
    0.6433162824674086,
    0.6531849842179905,
    0.6449357907880436,
    0.6435879509557377,
    0.6466955081983046,
    0.6412120461463928,
    0.6400341134179722
  ],
  "test_accuracies": [
    58.0,
    55.333333333333336,
    50.666666666666664,
    50.0,
    53.0,
    50.0,
    51.333333333333336,
    52.0,
    52.333333333333336,
    54.666666666666664,
    50.666666666666664,
    53.333333333333336,
    58.0,
    51.0,
    51.0,
    50.0,
    59.333333333333336,
    60.0,
    57.666666666666664,
    51.666666666666664,
    50.0,
    59.333333333333336,
    58.0,
    58.666666666666664,
    57.666666666666664,
    59.666666666666664,
    56.666666666666664,
    55.666666666666664,
    58.333333333333336,
    59.0,
    59.0,
    60.0,
    57.0,
    60.0,
    57.0,
    55.666666666666664,
    59.333333333333336,
    58.0,
    59.0,
    57.0,
    59.0,
    59.0,
    59.0,
    59.666666666666664,
    59.0,
    58.0,
    60.333333333333336,
    59.0,
    59.0,
    59.0
  ],
  "best_accuracy": 60.333333333333336,
  "best_epoch": 47,
  "final_loss": 0.6400341134179722,
  "final_accuracy": 59.0
}