{
  "train_losses": [
    0.17399885518137703,
    0.08143916740928861,
    0.04559023620359684,
    0.045114492933366404,
    0.028945504208836195,
    0.04644262079885018,
    0.02814405157881662,
    0.022410669148402205,
    0.013446584933262784,
    0.06211175822863879,
    0.02911017275883668,
    0.016181327676659665,
    0.013546474005207447,
    0.022093137935206123,
    0.04193756280371665
  ],
  "test_accuracies": [
    0.9733333333333334,
    0.97,
    0.9733333333333334,
    0.9933333333333333,
    0.97,
    0.9933333333333333,
    0.9933333333333333,
    0.9933333333333333,
    0.99,
    0.99,
    0.9933333333333333,
    0.99,
    0.99,
    0.9833333333333333,
    0.99
  ],
  "best_accuracy": 0.9933333333333333,
  "best_epoch": 4,
  "final_loss": 0.04193756280371665,
  "final_accuracy": 0.99
}