{
    "num_trials": 5,
    "accuracy": [
        0.5533333333333333,
        0.58,
        0.5866666666666667,
        0.5333333333333333,
        0.5733333333333334
    ],
    "precision": [
        0.6107419712070875,
        0.6191737288135593,
        0.6007023342284651,
        0.5692137320044297,
        0.6175548589341692
    ],
    "recall": [
        0.5533333333333333,
        0.58,
        0.5866666666666667,
        0.5333333333333333,
        0.5733333333333334
    ],
    "f1score": [
        0.4868259803921568,
        0.5423950414023534,
        0.5717443359734757,
        0.4638480392156863,
        0.5290423861852432
    ],
    "accuracy_mean": 0.5653333333333334,
    "accuracy_std": 0.01950498511777039,
    "precision_mean": 0.6034773250375421,
    "recall_mean": 0.5653333333333334,
    "f1score_mean": 0.5187711566337831
}