{
    "num_trials": 1,
    "accuracy": [
        0.9766666666666667
    ],
    "precision": [
        0.976857409630519
    ],
    "recall": [
        0.9766666666666667
    ],
    "f1score": [
        0.9766643330999767
    ],
    "accuracy_mean": 0.9766666666666667,
    "accuracy_std": 0.0,
    "precision_mean": 0.976857409630519,
    "recall_mean": 0.9766666666666667,
    "f1score_mean": 0.9766643330999767
}