model,class_a,class_b,trial,seed,accuracy,precision,recall,f1score,duration_seconds
QuantumNN,1,6,1,1202,0.9766666666666667,0.976857409630519,0.9766666666666667,0.9766643330999767,34.781603
