{
  "train_losses": [
    2.059742187911814,
    0.6906493319706484,
    0.6786229447884993,
    0.6716037677092985,
    0.6775683137503538,
    0.6822620752182874,
    0.6659352318807081,
    0.6708435619419272,
    0.6694195609201085,
    0.6674210767854344,
    0.6715385236523368,
    0.6621586368842558,
    0.6765037734400142,
    0.6517673229629343,
    0.6589242775331844,
    0.6621575463901866,
    0.6523196494037454,
    0.6507276134057478,
    0.6567502956498753,
    0.6506324261426926,
    0.640939327803525,
    0.6439859772270377,
    0.6378823627125133,
    0.6353103708137166,
    0.6340360011566769,
    0.6310870037837462,
    0.6351547959175977,
    0.6294544474645094,
    0.6311304813081567,
    0.622456319630146,
    0.6170457086779855,
    0.6145036654038862,
    0.6121968430551615,
    0.613685658032244,
    0.6094977171583609,
    0.6035423156890002,
    0.6072638827291402,
    0.5995748896490444,
    0.6111055477098986,
    0.6060442890633236,
    0.6038274175741456,
    0.5996503978967667,
    0.5998867994005029,
    0.5935880209911953,
    0.5956906920129602,
    0.5895802141590551,
    0.590564941818064,
    0.5930468501015143,
    0.5891989503394474,
    0.5885378223928538
  ],
  "test_accuracies": [
    50.333333333333336,
    53.333333333333336,
    52.333333333333336,
    52.0,
    58.0,
    55.0,
    56.0,
    53.666666666666664,
    56.666666666666664,
    54.333333333333336,
    54.0,
    54.0,
    54.333333333333336,
    56.0,
    55.0,
    55.666666666666664,
    55.666666666666664,
    54.0,
    54.0,
    54.666666666666664,
    58.0,
    57.333333333333336,
    58.333333333333336,
    54.333333333333336,
    59.0,
    57.0,
    57.666666666666664,
    57.333333333333336,
    55.666666666666664,
    58.0,
    58.333333333333336,
    57.333333333333336,
    57.333333333333336,
    56.666666666666664,
    57.333333333333336,
    56.333333333333336,
    56.666666666666664,
    57.0,
    57.0,
    58.0,
    57.333333333333336,
    58.0,
    58.0,
    57.666666666666664,
    58.333333333333336,
    58.0,
    59.0,
    58.666666666666664,
    58.333333333333336,
    58.333333333333336
  ],
  "best_accuracy": 59.0,
  "best_epoch": 25,
  "final_loss": 0.5885378223928538,
  "final_accuracy": 58.333333333333336
}