model,class_a,class_b,trial,seed,accuracy,precision,recall,f1score,duration_seconds
QuantumCNN,1,5,1,1192,0.9666666666666667,0.9669987546699875,0.9666666666666667,0.9666607396870553,32.151362
