{
    "num_trials": 7,
    "accuracy": [
        0.5666666666666667,
        0.55,
        0.5566666666666666,
        0.5666666666666667,
        0.5433333333333333,
        0.5666666666666667,
        0.55
    ],
    "precision": [
        0.576593137254902,
        0.5516742455560149,
        0.5662303256973664,
        0.5735871271585558,
        0.5437710437710439,
        0.576593137254902,
        0.5516742455560149
    ],
    "recall": [
        0.5666666666666667,
        0.55,
        0.5566666666666666,
        0.5666666666666667,
        0.5433333333333333,
        0.5666666666666667,
        0.55
    ],
    "f1score": [
        0.5521565385145377,
        0.5463252343986289,
        0.5400629387557492,
        0.5562332165126759,
        0.5421888053467001,
        0.5521565385145377,
        0.5463252343986289
    ],
    "accuracy_mean": 0.5571428571428572,
    "accuracy_std": 0.008984743935291986,
    "precision_mean": 0.5628747517498286,
    "recall_mean": 0.5571428571428572,
    "f1score_mean": 0.5479212152059227
}