{
  "train_losses": [
    0.15854805639669808,
    0.07966476689034607,
    0.0717708178139715,
    0.04852189783758314,
    0.05041048871366498,
    0.049080643239325254,
    0.04328806299732109,
    0.05909369179756719,
    0.03857388798496686,
    0.0423375047896777,
    0.04310978274522561,
    0.02314561196015513,
    0.018178816210076384,
    0.03708452846198766,
    0.07085324773850682
  ],
  "test_accuracies": [
    0.9633333333333334,
    0.97,
    0.99,
    0.99,
    0.9833333333333333,
    0.98,
    0.9866666666666667,
    0.9733333333333334,
    0.9866666666666667,
    0.98,
    0.9866666666666667,
    0.9933333333333333,
    0.9933333333333333,
    0.99,
    0.99
  ],
  "best_accuracy": 0.9933333333333333,
  "best_epoch": 12,
  "final_loss": 0.07085324773850682,
  "final_accuracy": 0.99
}