{
    "num_trials": 1,
    "accuracy": [
        0.6933333333333334
    ],
    "precision": [
        0.8099173553719009
    ],
    "recall": [
        0.6933333333333334
    ],
    "f1score": [
        0.6614992150706436
    ],
    "accuracy_mean": 0.6933333333333334,
    "accuracy_std": 0.0,
    "precision_mean": 0.8099173553719009,
    "recall_mean": 0.6933333333333334,
    "f1score_mean": 0.6614992150706436
}