{
  "train_losses": [
    0.7324751046570864,
    0.6944095695560629,
    0.6916571367870678,
    0.6889613595875826,
    0.6861292665654962,
    0.6753954792564566,
    0.6752623495730486,
    0.6680853515863419,
    0.6544514406811107,
    0.6586550839922645
  ],
  "test_accuracies": [
    0.5,
    0.5,
    0.5833333333333334,
    0.6,
    0.52,
    0.5866666666666667,
    0.5966666666666667,
    0.6066666666666667,
    0.6033333333333334,
    0.5933333333333334
  ],
  "best_accuracy": 0.6066666666666667,
  "best_epoch": 8,
  "final_loss": 0.6586550839922645,
  "final_accuracy": 0.5933333333333334
}