{
    "num_trials": 1,
    "accuracy": [
        0.9933333333333333
    ],
    "precision": [
        0.9933333333333333
    ],
    "recall": [
        0.9933333333333333
    ],
    "f1score": [
        0.9933333333333333
    ],
    "accuracy_mean": 0.9933333333333333,
    "accuracy_std": 0.0,
    "precision_mean": 0.9933333333333333,
    "recall_mean": 0.9933333333333333,
    "f1score_mean": 0.9933333333333333
}