{
  "train_losses": [
    0.232206229924817,
    0.07540353927337988,
    0.04811310417823155,
    0.03963404421070167,
    0.02763277571119199,
    0.0271661732271737,
    0.015405573461479931,
    0.019338142880852418,
    0.01460973110095603,
    0.045094163873066216,
    0.022020016154618297,
    0.00612033909014413,
    0.008995413158862159,
    0.04548493809521791,
    0.025756766293025892
  ],
  "test_accuracies": [
    0.97,
    0.98,
    0.9866666666666667,
    0.9933333333333333,
    0.9666666666666667,
    0.9966666666666667,
    0.99,
    1.0,
    0.9866666666666667,
    0.9866666666666667,
    0.9866666666666667,
    0.9966666666666667,
    0.99,
    0.9833333333333333,
    1.0
  ],
  "best_accuracy": 1.0,
  "best_epoch": 8,
  "final_loss": 0.025756766293025892,
  "final_accuracy": 1.0
}