{
  "train_losses": [
    1.820963990959254,
    0.6997063146396116,
    0.6918003179810264,
    0.6921205412257802,
    0.686777567321604,
    0.6888494193553925,
    0.6823706342415377,
    0.6821736232800917,
    0.6841961470517245,
    0.6843727434223349,
    0.6746859916231849,
    0.6802701990712773,
    0.7021351957863028,
    0.685114099220796,
    0.7015829668803648,
    0.6835811205885627,
    0.6830161281607368,
    0.6877316439693625,
    0.6816170513629913,
    0.683952970938249,
    0.6859216039830988,
    0.669069916009903,
    0.6692134561863813,
    0.6562056568535891,
    0.6620056588541378,
    0.6599303890358318,
    0.6538276225328445,
    0.6587705707008188,
    0.6565061726353385,
    0.656890871849927,
    0.6560202728618275,
    0.6496232680299066,
    0.6477634121071209,
    0.6384681273590435,
    0.6409160494804382,
    0.6315368529070507,
    0.6429616029966961,
    0.632813963023099,
    0.6292837763374503,
    0.6306504553014581,
    0.6328928145495328,
    0.6374224390495907,
    0.6314807066863234,
    0.6305944580923427,
    0.626365677876906,
    0.6359204961494966,
    0.6233999011191454,
    0.621681122617288,
    0.6266761422157288,
    0.6200730800628662
  ],
  "test_accuracies": [
    50.0,
    49.666666666666664,
    53.0,
    52.333333333333336,
    51.666666666666664,
    50.0,
    56.333333333333336,
    51.333333333333336,
    51.666666666666664,
    58.0,
    54.0,
    53.0,
    52.333333333333336,
    60.333333333333336,
    50.0,
    54.666666666666664,
    50.333333333333336,
    54.666666666666664,
    56.333333333333336,
    50.666666666666664,
    55.666666666666664,
    60.333333333333336,
    60.0,
    58.333333333333336,
    61.333333333333336,
    56.666666666666664,
    58.333333333333336,
    60.333333333333336,
    61.666666666666664,
    61.333333333333336,
    60.666666666666664,
    60.333333333333336,
    61.666666666666664,
    62.333333333333336,
    63.333333333333336,
    62.333333333333336,
    62.333333333333336,
    62.666666666666664,
    61.666666666666664,
    62.333333333333336,
    62.0,
    62.333333333333336,
    61.666666666666664,
    63.0,
    64.0,
    63.333333333333336,
    63.666666666666664,
    60.0,
    61.0,
    60.333333333333336
  ],
  "best_accuracy": 64.0,
  "best_epoch": 45,
  "final_loss": 0.6200730800628662,
  "final_accuracy": 60.333333333333336
}