{
  "train_losses": [
    0.5770389695059169,
    0.4836261875250123,
    0.45441134748133744,
    0.4378620501268994,
    0.42425923320380127,
    0.41645689647306094,
    0.4112236093391072,
    0.40751801837574353,
    0.4042700352993878,
    0.3973594693975015,
    0.3872222588820891,
    0.3818550963293422,
    0.3780311339280822,
    0.37573388760740106,
    0.3755356947129423
  ],
  "test_accuracies": [
    0.95,
    0.9466666666666667,
    0.9533333333333334,
    0.9466666666666667,
    0.95,
    0.9466666666666667,
    0.9533333333333334,
    0.96,
    0.9533333333333334,
    0.9533333333333334,
    0.9466666666666667,
    0.9566666666666667,
    0.9466666666666667,
    0.95,
    0.9533333333333334
  ],
  "best_accuracy": 0.96,
  "best_epoch": 8,
  "final_loss": 0.3755356947129423,
  "final_accuracy": 0.9533333333333334
}