{
  "train_losses": [
    0.17038464672408404,
    0.06372958460600454,
    0.04704683849228208,
    0.022746255182772238,
    0.015543048424826173,
    0.019476802936630767,
    0.012515413041910506,
    0.031669971111444865,
    0.023006512948499716,
    0.021077970732469774,
    0.007723686537825746,
    0.0038085310003556183,
    0.0016484897056960274,
    0.0006780943465710978,
    0.00034332749714784745
  ],
  "test_accuracies": [
    0.9866666666666667,
    0.99,
    0.9866666666666667,
    0.9933333333333333,
    0.99,
    0.9933333333333333,
    0.99,
    0.9933333333333333,
    0.9966666666666667,
    0.9966666666666667,
    0.99,
    0.99,
    0.9966666666666667,
    0.9966666666666667,
    0.9966666666666667
  ],
  "best_accuracy": 0.9966666666666667,
  "best_epoch": 9,
  "final_loss": 0.00034332749714784745,
  "final_accuracy": 0.9966666666666667
}