{
    "num_trials": 1,
    "accuracy": [
        0.9633333333333334
    ],
    "precision": [
        0.9635187408296653
    ],
    "recall": [
        0.9633333333333334
    ],
    "f1score": [
        0.9633296662999633
    ],
    "accuracy_mean": 0.9633333333333334,
    "accuracy_std": 0.0,
    "precision_mean": 0.9635187408296653,
    "recall_mean": 0.9633333333333334,
    "f1score_mean": 0.9633296662999633
}