{
  "train_losses": [
    0.2104901693422686,
    0.05765694604699754,
    0.021117435266867025,
    0.02638692185229791,
    0.016268716978877572,
    0.011254539989253813,
    0.003101176582772909,
    0.007323804520059308,
    0.0037438446122399164,
    0.013942271736802715,
    0.0039190215952451335,
    0.000625928163486833,
    0.00021477447319284693,
    0.00016267579198628565,
    0.00011774446262403548
  ],
  "test_accuracies": [
    0.9566666666666667,
    0.98,
    0.9766666666666667,
    0.97,
    0.98,
    0.9866666666666667,
    0.99,
    1.0,
    0.9866666666666667,
    0.98,
    0.9866666666666667,
    0.9966666666666667,
    0.9933333333333333,
    0.9933333333333333,
    0.9933333333333333
  ],
  "best_accuracy": 1.0,
  "best_epoch": 8,
  "final_loss": 0.00011774446262403548,
  "final_accuracy": 0.9933333333333333
}