{
  "train_losses": [
    0.6773086894642223,
    0.6280823038382963,
    0.6143189059062437,
    0.6096952178261497,
    0.605018827048215,
    0.6021094227379019,
    0.5997155159711838,
    0.5990669551220807,
    0.5984754914587195,
    0.5983578251166777,
    0.59836260703477,
    0.5977265225215391,
    0.5972395065155897,
    0.5965500528162176,
    0.596481976183978
  ],
  "test_accuracies": [
    0.81,
    0.8633333333333333,
    0.8466666666666667,
    0.8733333333333333,
    0.8733333333333333,
    0.8666666666666667,
    0.88,
    0.8533333333333334,
    0.8733333333333333,
    0.9,
    0.8866666666666667,
    0.8733333333333333,
    0.8833333333333333,
    0.8633333333333333,
    0.8766666666666667
  ],
  "best_accuracy": 0.9,
  "best_epoch": 10,
  "final_loss": 0.596481976183978,
  "final_accuracy": 0.8766666666666667
}