{
  "train_losses": [
    0.18816853970797223,
    0.050383701690985945,
    0.023599863560858383,
    0.013171856012790655,
    0.014175986098548905,
    0.005216173182072287,
    0.020583622811335026,
    0.0061413172496196985,
    0.0038850257337385715,
    0.0131856992732289,
    0.00798947733280577,
    0.008701572549150362,
    0.013062170089886587,
    0.00584887021415687,
    0.00730660469703666
  ],
  "test_accuracies": [
    0.9866666666666667,
    0.99,
    0.9866666666666667,
    0.9866666666666667,
    0.9866666666666667,
    0.99,
    0.9866666666666667,
    0.99,
    0.9866666666666667,
    0.99,
    0.9933333333333333,
    0.9833333333333333,
    0.9766666666666667,
    0.9833333333333333,
    0.98
  ],
  "best_accuracy": 0.9933333333333333,
  "best_epoch": 11,
  "final_loss": 0.00730660469703666,
  "final_accuracy": 0.98
}