{
  "train_losses": [
    0.12301350805848249,
    0.01464402230703854,
    0.00467339712812728,
    0.001991651229631812,
    0.011871251159560487,
    0.01985343336650658,
    0.0003122748891257743,
    0.00015967130700160354,
    0.000242747699019219,
    0.00026300842856905797,
    0.0004350843667437361,
    0.00014995726184514007,
    0.0003251071981625583,
    0.0001494265754796619,
    7.873400064475142e-05
  ],
  "test_accuracies": [
    1.0,
    1.0,
    1.0,
    0.9966666666666667,
    0.9766666666666667,
    1.0,
    1.0,
    1.0,
    1.0,
    1.0,
    1.0,
    1.0,
    1.0,
    1.0,
    1.0
  ],
  "best_accuracy": 1.0,
  "best_epoch": 1,
  "final_loss": 7.873400064475142e-05,
  "final_accuracy": 1.0
}