{
  "train_losses": [
    0.23474518380614676,
    0.010910428937429308,
    0.0025054470033865073,
    0.0005274454973997225,
    0.0005046881956538775,
    0.00046869028754124224,
    0.00024855649407258665,
    0.0001787889297278608,
    0.0001858706121889885,
    0.00027756717223713747,
    0.0002504308650631256,
    0.00016776304385695602,
    0.00014252045903876106,
    0.0001709240494433702,
    0.00017872560569933492
  ],
  "test_accuracies": [
    0.99,
    1.0,
    1.0,
    1.0,
    1.0,
    1.0,
    1.0,
    1.0,
    1.0,
    1.0,
    1.0,
    1.0,
    1.0,
    1.0,
    1.0
  ],
  "best_accuracy": 1.0,
  "best_epoch": 2,
  "final_loss": 0.00017872560569933492,
  "final_accuracy": 1.0
}