{
  "train_losses": [
    0.5992010696367784,
    0.5525457005609166,
    0.5449250624938444,
    0.53964825110002,
    0.5330822711641138,
    0.5299704494801435,
    0.528524481437423,
    0.5276673429391601,
    0.5265963809056715,
    0.5251926623962142,
    0.5236215604977175,
    0.5227446508678523,
    0.5213308381763372,
    0.5210813527757471,
    0.5211740813472054
  ],
  "test_accuracies": [
    0.9133333333333333,
    0.9133333333333333,
    0.91,
    0.92,
    0.9366666666666666,
    0.9266666666666666,
    0.93,
    0.9233333333333333,
    0.9333333333333333,
    0.94,
    0.95,
    0.95,
    0.9533333333333334,
    0.9266666666666666,
    0.9433333333333334
  ],
  "best_accuracy": 0.9533333333333334,
  "best_epoch": 13,
  "final_loss": 0.5211740813472054,
  "final_accuracy": 0.9433333333333334
}