{
  "train_losses": [
    0.11233662341096946,
    0.032877562572883275,
    0.026235578074936875,
    0.031571303637892095,
    0.04914539798086149,
    0.01411372796329405,
    0.019311775494977403,
    0.015443223149800773,
    0.008479929062311632,
    0.011700261536051667,
    0.014373872034907849,
    0.008827233409978031,
    0.013316381350291935,
    0.0004919883364932916,
    0.0009731015373455938
  ],
  "test_accuracies": [
    0.98,
    0.9866666666666667,
    0.99,
    0.9433333333333334,
    0.9766666666666667,
    0.99,
    0.98,
    0.9733333333333334,
    0.9866666666666667,
    0.9733333333333334,
    0.99,
    0.9966666666666667,
    0.99,
    0.9933333333333333,
    0.9933333333333333
  ],
  "best_accuracy": 0.9966666666666667,
  "best_epoch": 12,
  "final_loss": 0.0009731015373455938,
  "final_accuracy": 0.9933333333333333
}