{
  "train_losses": [
    1.0856819735331968,
    0.6952283368869261,
    0.6917457946322181,
    0.6857349249449644,
    0.6870312054048885,
    0.6807195977731184,
    0.6933521100065925,
    0.6837000738490712,
    0.6812128952958367,
    0.6933507147160444,
    0.6810283159667795,
    0.6699263737960295,
    0.6766689582304521,
    0.6658681427890604,
    0.658272002230991
  ],
  "test_accuracies": [
    0.5,
    0.5,
    0.5366666666666666,
    0.5333333333333333,
    0.5666666666666667,
    0.5266666666666666,
    0.5033333333333333,
    0.5133333333333333,
    0.5,
    0.52,
    0.53,
    0.5333333333333333,
    0.5366666666666666,
    0.5933333333333334,
    0.5633333333333334
  ],
  "best_accuracy": 0.5933333333333334,
  "best_epoch": 14,
  "final_loss": 0.658272002230991,
  "final_accuracy": 0.5633333333333334
}