{
  "train_losses": [
    0.05580105133642829,
    0.002834346888864626,
    0.009311478661913952,
    0.0011819052114157619,
    0.00025710948217362204,
    6.507698605095025e-05,
    0.00013510667378630552,
    0.0001148830503387382,
    0.00014818588124398957,
    0.00011551461983055395,
    0.0010559444498209234,
    0.003704734077556085,
    8.787933174145027e-05,
    0.00010798695701003618,
    0.00011541261891455757
  ],
  "test_accuracies": [
    0.9933333333333333,
    1.0,
    1.0,
    1.0,
    1.0,
    1.0,
    1.0,
    1.0,
    1.0,
    1.0,
    1.0,
    1.0,
    1.0,
    1.0,
    1.0
  ],
  "best_accuracy": 1.0,
  "best_epoch": 2,
  "final_loss": 0.00011541261891455757,
  "final_accuracy": 1.0
}