{
  "train_losses": [
    0.6375736187804829,
    0.5714845806360245,
    0.5299894457513635,
    0.5053658248348669,
    0.49670034782453015,
    0.4948500855402513,
    0.4938849292018197,
    0.4929911650039933,
    0.49208924309773877,
    0.49008141322569415,
    0.4857614385810765,
    0.47250046310099686,
    0.4671459617939862,
    0.46589696271853015,
    0.4654325727712024
  ],
  "test_accuracies": [
    0.99,
    1.0,
    0.9966666666666667,
    0.9966666666666667,
    0.9966666666666667,
    0.9966666666666667,
    0.9966666666666667,
    0.9966666666666667,
    0.9966666666666667,
    1.0,
    1.0,
    1.0,
    1.0,
    1.0,
    1.0
  ],
  "best_accuracy": 1.0,
  "best_epoch": 2,
  "final_loss": 0.4654325727712024,
  "final_accuracy": 1.0
}