{
  "train_losses": [
    0.23296949694949118,
    0.04783208629603244,
    0.027616339984392238,
    0.01695003451657778,
    0.016414144114109644,
    0.01094511620811483,
    0.02602388013639773,
    0.003871010328029198,
    0.0050632962622475216,
    0.0005043979682258479,
    0.0019320709867646326,
    0.0031318079402043704,
    0.005688388963810873,
    0.0030872892539264285,
    0.00032619106605125125
  ],
  "test_accuracies": [
    0.9766666666666667,
    0.9733333333333334,
    0.99,
    0.99,
    0.99,
    0.99,
    0.9866666666666667,
    0.99,
    0.99,
    0.99,
    0.99,
    0.99,
    0.9966666666666667,
    0.99,
    0.99
  ],
  "best_accuracy": 0.9966666666666667,
  "best_epoch": 13,
  "final_loss": 0.00032619106605125125,
  "final_accuracy": 0.99
}