{
  "train_losses": [
    0.08446820244254964,
    0.054363086494215,
    0.03200217429614647,
    0.04044608070332536,
    0.024618512495594172,
    0.012262223331989926,
    0.013193202448581525,
    0.00959249046238917,
    0.01382539340586804,
    0.008494382148373088,
    0.001353697410060952,
    0.002007144332641143,
    0.0029298618326782325,
    0.0015076681535077796,
    0.000642323573670596
  ],
  "test_accuracies": [
    0.9933333333333333,
    0.9933333333333333,
    0.9966666666666667,
    0.9933333333333333,
    0.9933333333333333,
    0.9933333333333333,
    0.9933333333333333,
    0.99,
    0.9933333333333333,
    0.9933333333333333,
    1.0,
    1.0,
    1.0,
    0.9966666666666667,
    0.9966666666666667
  ],
  "best_accuracy": 1.0,
  "best_epoch": 11,
  "final_loss": 0.000642323573670596,
  "final_accuracy": 0.9966666666666667
}