{
  "train_losses": [
    0.543052270331166,
    0.47077986191619525,
    0.4254488118670203,
    0.3972593620419502,
    0.3805781467394395,
    0.3691219680688598,
    0.3617136207493869,
    0.35568619587204675,
    0.3520097305828875,
    0.34557353163307364,
    0.3406727666204626,
    0.3369470523162322,
    0.3335010057145899,
    0.3282157941298051,
    0.3236107954924757
  ],
  "test_accuracies": [
    0.9366666666666666,
    0.9566666666666667,
    0.9566666666666667,
    0.9666666666666667,
    0.96,
    0.9633333333333334,
    0.9633333333333334,
    0.9666666666666667,
    0.97,
    0.9666666666666667,
    0.9666666666666667,
    0.9666666666666667,
    0.9666666666666667,
    0.9666666666666667,
    0.9666666666666667
  ],
  "best_accuracy": 0.97,
  "best_epoch": 9,
  "final_loss": 0.3236107954924757,
  "final_accuracy": 0.9666666666666667
}