{
  "train_losses": [
    0.32971276793713594,
    0.05064258733975955,
    0.04209173494547775,
    0.03395111350321465,
    0.025124528268034654,
    0.03202942931238795,
    0.01301638250085737,
    0.009303130533556792,
    0.019717673966624716,
    0.015390949596704477,
    0.009587888110796815,
    0.0167511042689677,
    0.006391929963931695,
    0.013475860849418743,
    0.020323985100483034
  ],
  "test_accuracies": [
    0.98,
    0.9766666666666667,
    0.98,
    0.9766666666666667,
    0.9833333333333333,
    0.99,
    0.99,
    0.98,
    0.9866666666666667,
    0.99,
    0.9933333333333333,
    0.9833333333333333,
    0.9933333333333333,
    0.9866666666666667,
    0.9833333333333333
  ],
  "best_accuracy": 0.9933333333333333,
  "best_epoch": 11,
  "final_loss": 0.020323985100483034,
  "final_accuracy": 0.9833333333333333
}