{
  "train_losses": [
    0.641339666464112,
    0.6029708141630347,
    0.5962332663210955,
    0.5916979190978137,
    0.5881036939946088,
    0.5848289389501918,
    0.5821458467028358,
    0.578283660791137,
    0.5737299986860969,
    0.5668458179994063,
    0.5609326118772681,
    0.5573961680585687,
    0.5542683167891069,
    0.5528642982244492,
    0.5523767566139047
  ],
  "test_accuracies": [
    0.8533333333333334,
    0.8866666666666667,
    0.8966666666666666,
    0.9,
    0.9233333333333333,
    0.9266666666666666,
    0.9233333333333333,
    0.9166666666666666,
    0.9166666666666666,
    0.92,
    0.91,
    0.91,
    0.9166666666666666,
    0.9233333333333333,
    0.93
  ],
  "best_accuracy": 0.93,
  "best_epoch": 15,
  "final_loss": 0.5523767566139047,
  "final_accuracy": 0.93
}