{
  "train_losses": [
    0.6867685074155981,
    0.6503475172953173,
    0.6323074088855223,
    0.6250382201238112,
    0.6183082772926851,
    0.614650078795173,
    0.61407724971121,
    0.612659134648063,
    0.6108346053145148,
    0.6091364405371926,
    0.6082873154770244,
    0.6075556914914738,
    0.6065816689621318,
    0.6049423868005926,
    0.6038931052793156
  ],
  "test_accuracies": [
    0.5,
    0.5,
    0.51,
    0.6766666666666666,
    0.7533333333333333,
    0.7233333333333334,
    0.7233333333333334,
    0.72,
    0.7366666666666667,
    0.7433333333333333,
    0.77,
    0.7466666666666667,
    0.7666666666666667,
    0.75,
    0.7266666666666667
  ],
  "best_accuracy": 0.77,
  "best_epoch": 11,
  "final_loss": 0.6038931052793156,
  "final_accuracy": 0.7266666666666667
}