{
  "train_losses": [
    0.6292378807609732,
    0.5557796372608705,
    0.532821461558342,
    0.5265872329473495,
    0.5224193321032957,
    0.519952960989692,
    0.516908310353756,
    0.5147471888498827,
    0.5157291354103521,
    0.5130171281370249,
    0.5124468261545355,
    0.511917463757775,
    0.5110069987448779,
    0.5099185996434905,
    0.5104584179141305
  ],
  "test_accuracies": [
    0.9633333333333334,
    0.9766666666666667,
    0.9833333333333333,
    0.99,
    0.99,
    0.9933333333333333,
    0.9933333333333333,
    0.98,
    0.99,
    0.9933333333333333,
    0.99,
    0.99,
    0.9866666666666667,
    0.9866666666666667,
    0.99
  ],
  "best_accuracy": 0.9933333333333333,
  "best_epoch": 6,
  "final_loss": 0.5104584179141305,
  "final_accuracy": 0.99
}