{
  "train_losses": [
    0.6654920117421583,
    0.6216928484764966,
    0.6118694150989706,
    0.6042761680754748,
    0.5998980321667411,
    0.5958430590954694,
    0.5937782417644154,
    0.5920620289715853,
    0.5909766446460377,
    0.590074896812439,
    0.5881584828550165,
    0.5874627408656207,
    0.5857419236139818,
    0.5846574062650854,
    0.5831709883429788
  ],
  "test_accuracies": [
    0.8766666666666667,
    0.8866666666666667,
    0.8666666666666667,
    0.9266666666666666,
    0.9166666666666666,
    0.9333333333333333,
    0.9433333333333334,
    0.9333333333333333,
    0.9166666666666666,
    0.9266666666666666,
    0.9533333333333334,
    0.95,
    0.9366666666666666,
    0.9433333333333334,
    0.9366666666666666
  ],
  "best_accuracy": 0.9533333333333334,
  "best_epoch": 11,
  "final_loss": 0.5831709883429788,
  "final_accuracy": 0.9366666666666666
}