model,class_a,class_b,trial,seed,accuracy,precision,recall,f1score,duration_seconds
ClassicalNN,1,9,1,232,0.9933333333333333,0.9933333333333333,0.9933333333333333,0.9933333333333333,1.418771
