{
  "train_losses": [
    0.6337982768362219,
    0.5812974314798008,
    0.5581607209010557,
    0.5415672334757718,
    0.5360905731266196,
    0.5316954939202829,
    0.5243648141622543,
    0.5205799368294802,
    0.5192788609049537,
    0.5190779675136913,
    0.5182601111856374,
    0.5180113877762448,
    0.5175096230073408,
    0.5175026045604185,
    0.5173563632098112
  ],
  "test_accuracies": [
    0.9466666666666667,
    0.9566666666666667,
    0.9366666666666666,
    0.9266666666666666,
    0.9366666666666666,
    0.9366666666666666,
    0.9566666666666667,
    0.9633333333333334,
    0.9633333333333334,
    0.9566666666666667,
    0.96,
    0.9633333333333334,
    0.9566666666666667,
    0.9566666666666667,
    0.9566666666666667
  ],
  "best_accuracy": 0.9633333333333334,
  "best_epoch": 8,
  "final_loss": 0.5173563632098112,
  "final_accuracy": 0.9566666666666667
}