{
  "train_losses": [
    0.20031710788349633,
    0.01240706884614569,
    0.00253013598107414,
    0.0003534394848595019,
    0.00019889642350211614,
    0.00015168666926580374,
    0.00013302741655769006,
    0.00011847796876777879,
    0.00011661446960302287,
    9.16269783188413e-05,
    9.279600727619585e-05,
    0.0001040042630558508,
    9.404134430662287e-05,
    0.00011111540598821276,
    0.0001012879124780077
  ],
  "test_accuracies": [
    1.0,
    1.0,
    1.0,
    1.0,
    1.0,
    1.0,
    1.0,
    1.0,
    1.0,
    1.0,
    1.0,
    1.0,
    1.0,
    1.0,
    1.0
  ],
  "best_accuracy": 1.0,
  "best_epoch": 1,
  "final_loss": 0.0001012879124780077,
  "final_accuracy": 1.0
}