{
  "train_losses": [
    0.6152302473783493,
    0.5395725504918532,
    0.5050068849867041,
    0.47560106827454135,
    0.4642681188204072,
    0.45565881444649264,
    0.4421720430254936,
    0.42986224591732025,
    0.42119879004630173,
    0.4115406268022277
  ],
  "test_accuracies": [
    0.86,
    0.9533333333333334,
    0.9633333333333334,
    0.97,
    0.9766666666666667,
    0.9833333333333333,
    0.99,
    0.9933333333333333,
    0.9966666666666667,
    0.9966666666666667
  ],
  "best_accuracy": 0.9966666666666667,
  "best_epoch": 9,
  "final_loss": 0.4115406268022277,
  "final_accuracy": 0.9966666666666667
}