{
    "num_trials": 1,
    "accuracy": [
        0.9533333333333334
    ],
    "precision": [
        0.955357142857143
    ],
    "recall": [
        0.9533333333333334
    ],
    "f1score": [
        0.9532814238042268
    ],
    "accuracy_mean": 0.9533333333333334,
    "accuracy_std": 0.0,
    "precision_mean": 0.955357142857143,
    "recall_mean": 0.9533333333333334,
    "f1score_mean": 0.9532814238042268
}