{
  "train_losses": [
    0.6400846202265132,
    0.6035257916558873,
    0.5896185514601794,
    0.5845243524421345,
    0.5809754553166303,
    0.5747650170868094,
    0.5677515728907152,
    0.5622722696174275,
    0.5589523098685525,
    0.5568145527081056,
    0.5563744712959636,
    0.5545829981565475,
    0.5540301271460273,
    0.5532053492285989,
    0.552790182557973
  ],
  "test_accuracies": [
    0.8266666666666667,
    0.8566666666666667,
    0.8766666666666667,
    0.9066666666666666,
    0.92,
    0.9466666666666667,
    0.9433333333333334,
    0.9466666666666667,
    0.9366666666666666,
    0.93,
    0.93,
    0.93,
    0.94,
    0.9333333333333333,
    0.9366666666666666
  ],
  "best_accuracy": 0.9466666666666667,
  "best_epoch": 6,
  "final_loss": 0.552790182557973,
  "final_accuracy": 0.9366666666666666
}