{
  "train_losses": [
    0.7774243246425282,
    0.6917549005963586,
    0.6916441822593863,
    0.6918565048412844,
    0.6879167001355778,
    0.6811605448072607,
    0.6789301349358126,
    0.6784154542467811,
    0.6746407097036188,
    0.6768498583273455,
    0.6678145785223354,
    0.6761681247841228,
    0.6731617355888541,
    0.6628086986866865,
    0.6678481698036194
  ],
  "test_accuracies": [
    0.5,
    0.5633333333333334,
    0.5133333333333333,
    0.5366666666666666,
    0.58,
    0.49666666666666665,
    0.5733333333333334,
    0.57,
    0.56,
    0.5733333333333334,
    0.5866666666666667,
    0.54,
    0.58,
    0.5466666666666666,
    0.5733333333333334
  ],
  "best_accuracy": 0.5866666666666667,
  "best_epoch": 11,
  "final_loss": 0.6678481698036194,
  "final_accuracy": 0.5733333333333334
}