{
  "train_losses": [
    4.332946043122899,
    0.705356469208544,
    0.6942860809239474,
    0.6929985962130807,
    0.6916249882091176,
    0.6929199600761587,
    0.6919437064365908,
    0.7027347033674066,
    0.6925169635902751,
    0.6857463202693246,
    0.6929671669548209,
    0.6937557350505482,
    0.6952313157645139,
    0.6940428750081495,
    0.6925646987828341,
    0.6928918849338185,
    0.6788716356862675,
    0.6853160898793828,
    0.6827820051800121,
    0.6780073493719101,
    0.6796663024208762,
    0.6756859191439368,
    0.6664945483207703,
    0.6645628566091711,
    0.6639155068180778,
    0.6638658845966513,
    0.6610268002206628,
    0.668223656036637,
    0.6618004427714781,
    0.6566226468844847,
    0.6532660912383687,
    0.6551679142496802,
    0.6612530933185057,
    0.6555809527635574,
    0.6495872112837705,
    0.6567648256366904,
    0.6503618860786612,
    0.6542091396721926,
    0.6495217667384581,
    0.6517744362354279,
    0.653543848883022,
    0.6463578207926317,
    0.6502130844376304,
    0.6460519405928525,
    0.6439018412069841,
    0.6427942243489352,
    0.6458550434220921,
    0.6445586545900865,
    0.6464803814888,
    0.6440788250077855,
    0.6461886045607653,
    0.6465921970930967,
    0.6418203657323663,
    0.6429963436993685,
    0.6465502449057319,
    0.6491092186082493,
    0.639329192313281,
    0.647633281621066,
    0.6437956717881289,
    0.6486143415624445,
    0.6394795328378677,
    0.6434669806198641,
    0.6434004482897845,
    0.6406361325220629,
    0.6447782069444656,
    0.6440812566063621,
    0.6470673016526483,
    0.6406973952596838,
    0.6419150002978065,
    0.6402157152240927,
    0.6401386680928144,
    0.6416661603884264,
    0.6443240899931301,
    0.6379575092684139,
    0.641009735790166,
    0.640258638696237,
    0.6404757621613416,
    0.6428531299937855,
    0.6409756236455657,
    0.6400953287428076,
    0.6402731700377031,
    0.645712286233902,
    0.6454409225420519,
    0.638140548359264,
    0.642592885277488,
    0.6414048671722412,
    0.6437978378751061,
    0.6455917412584479,
    0.6396728523752906,
    0.6413946639407765,
    0.6429167078299955,
    0.641940485347401,
    0.6432461061260917,
    0.6368058134209026,
    0.6444682384079153,
    0.6471601236950267,
    0.6434650353410027,
    0.645594596862793,
    0.6458550921895287,
    0.6449261416088451
  ],
  "test_accuracies": [
    50.0,
    57.333333333333336,
    50.0,
    50.0,
    50.666666666666664,
    57.666666666666664,
    51.0,
    50.0,
    55.333333333333336,
    57.666666666666664,
    51.0,
    50.0,
    50.0,
    50.0,
    50.0,
    52.666666666666664,
    53.333333333333336,
    51.666666666666664,
    52.666666666666664,
    57.333333333333336,
    61.0,
    54.666666666666664,
    59.666666666666664,
    59.0,
    55.333333333333336,
    56.0,
    58.333333333333336,
    54.666666666666664,
    57.0,
    56.333333333333336,
    57.333333333333336,
    57.0,
    56.0,
    57.666666666666664,
    54.333333333333336,
    57.0,
    54.0,
    57.333333333333336,
    57.333333333333336,
    57.666666666666664,
    58.0,
    57.666666666666664,
    58.0,
    57.333333333333336,
    57.0,
    58.0,
    56.666666666666664,
    57.666666666666664,
    57.0,
    58.0,
    58.0,
    56.666666666666664,
    57.333333333333336,
    58.333333333333336,
    58.333333333333336,
    57.333333333333336,
    58.0,
    57.0,
    57.0,
    57.666666666666664,
    58.0,
    58.0,
    57.666666666666664,
    58.0,
    58.0,
    57.666666666666664,
    57.666666666666664,
    57.666666666666664,
    57.666666666666664,
    58.0,
    58.0,
    58.0,
    57.666666666666664,
    57.666666666666664,
    57.666666666666664,
    57.666666666666664,
    57.666666666666664,
    57.666666666666664,
    57.666666666666664,
    57.666666666666664,
    57.666666666666664,
    57.666666666666664,
    57.666666666666664,
    57.666666666666664,
    57.666666666666664,
    57.666666666666664,
    57.666666666666664,
    57.666666666666664,
    57.666666666666664,
    57.666666666666664,
    57.666666666666664,
    57.666666666666664,
    57.666666666666664,
    57.666666666666664,
    57.666666666666664,
    57.666666666666664,
    57.666666666666664,
    57.666666666666664,
    57.666666666666664,
    57.666666666666664
  ],
  "best_accuracy": 61.0,
  "best_epoch": 21,
  "final_loss": 0.6449261416088451,
  "final_accuracy": 57.666666666666664
}