{
  "train_losses": [
    0.14353054356549613,
    0.03733245500717947,
    0.03312705286423972,
    0.03140700667344473,
    0.02299598123698326,
    0.014917496454720756,
    0.03535967201671817,
    0.016837654297639594,
    0.007956305974651266,
    0.02026372122054454,
    0.009856141152877999,
    0.001890392618323941,
    0.0008077793945837832,
    0.0006641561709970615,
    0.0007165195844746366
  ],
  "test_accuracies": [
    0.9533333333333334,
    0.97,
    0.9866666666666667,
    0.9833333333333333,
    0.9833333333333333,
    0.9866666666666667,
    0.99,
    0.99,
    0.94,
    0.97,
    0.9833333333333333,
    0.99,
    0.99,
    0.99,
    0.99
  ],
  "best_accuracy": 0.99,
  "best_epoch": 7,
  "final_loss": 0.0007165195844746366,
  "final_accuracy": 0.99
}