{
  "train_losses": [
    0.3696759609844197,
    0.15131728393449026,
    0.11115730114662173,
    0.10944549277932807,
    0.07566702263218096,
    0.0870579692471603,
    0.06408925502645699,
    0.06486535967600172,
    0.06395370486478152,
    0.05709950816394253,
    0.05207259033340961,
    0.045154454731594094,
    0.027694168865723026,
    0.017058939368739215,
    0.036807032381396064
  ],
  "test_accuracies": [
    0.9666666666666667,
    0.9666666666666667,
    0.94,
    0.9733333333333334,
    0.97,
    0.9866666666666667,
    0.9733333333333334,
    0.98,
    0.9766666666666667,
    0.98,
    0.97,
    0.9833333333333333,
    0.9866666666666667,
    0.98,
    0.98
  ],
  "best_accuracy": 0.9866666666666667,
  "best_epoch": 6,
  "final_loss": 0.036807032381396064,
  "final_accuracy": 0.98
}