{
  "train_losses": [
    0.054406989601984534,
    0.006368935559479574,
    0.00018000590292966865,
    0.00016338169496001663,
    0.000254039527942754,
    0.0005660669222400181,
    7.242510794082013e-05,
    0.00020262883956754442,
    0.00011261163974102766,
    0.00017786634426060615,
    0.000886726030351135,
    9.253823421576354e-05,
    0.00012278920468650705,
    8.918733822776466e-05,
    0.0001586690789488123
  ],
  "test_accuracies": [
    0.9966666666666667,
    1.0,
    1.0,
    1.0,
    1.0,
    1.0,
    1.0,
    1.0,
    1.0,
    1.0,
    1.0,
    1.0,
    1.0,
    1.0,
    1.0
  ],
  "best_accuracy": 1.0,
  "best_epoch": 2,
  "final_loss": 0.0001586690789488123,
  "final_accuracy": 1.0
}