{
  "train_losses": [
    0.5853348834948107,
    0.5070116431875662,
    0.47295929423787375,
    0.45149369673295453,
    0.43658936701037665,
    0.4301955076781186,
    0.42693587663498794,
    0.42393336309628055,
    0.41847179897806863,
    0.41203069212761795,
    0.4074789962985299,
    0.40681999854066153,
    0.4026275270364501,
    0.4010283669287508,
    0.3985016257925467
  ],
  "test_accuracies": [
    0.9366666666666666,
    0.9666666666666667,
    0.9833333333333333,
    0.97,
    0.9866666666666667,
    0.97,
    0.9766666666666667,
    0.9833333333333333,
    0.9766666666666667,
    0.9833333333333333,
    0.9833333333333333,
    0.9833333333333333,
    0.9866666666666667,
    0.9766666666666667,
    0.9866666666666667
  ],
  "best_accuracy": 0.9866666666666667,
  "best_epoch": 5,
  "final_loss": 0.3985016257925467,
  "final_accuracy": 0.9866666666666667
}