{
  "train_losses": [
    0.5828618461435492,
    0.46032237803394144,
    0.41507250747897406,
    0.3941230848431587,
    0.3801064281301065,
    0.36778334799137985,
    0.35737093267115677,
    0.3407496450976892,
    0.3225938156247139,
    0.3128951076756824,
    0.3089097358963706,
    0.30596570806069806,
    0.3041617287830873,
    0.30055381154472177,
    0.29851775243878365
  ],
  "test_accuracies": [
    0.9566666666666667,
    0.98,
    0.98,
    0.98,
    0.98,
    0.98,
    0.98,
    0.98,
    0.98,
    0.98,
    0.98,
    0.99,
    0.9833333333333333,
    0.99,
    0.9833333333333333
  ],
  "best_accuracy": 0.99,
  "best_epoch": 12,
  "final_loss": 0.29851775243878365,
  "final_accuracy": 0.9833333333333333
}