{
  "train_losses": [
    0.6938371590592645,
    0.6903678165240721,
    0.6884701522913846,
    0.6860618130727247,
    0.6865591935136102,
    0.6846182386983525,
    0.6837114271792498,
    0.6832196279005571,
    0.6825667267495935,
    0.6832493096590042,
    0.6835259429433129,
    0.6830294118686155,
    0.6825302338058298,
    0.6819934181191705,
    0.6821694739840247
  ],
  "test_accuracies": [
    0.4766666666666667,
    0.5133333333333333,
    0.5233333333333333,
    0.55,
    0.54,
    0.53,
    0.56,
    0.5366666666666666,
    0.5433333333333333,
    0.5466666666666666,
    0.54,
    0.5566666666666666,
    0.5666666666666667,
    0.5466666666666666,
    0.5466666666666666
  ],
  "best_accuracy": 0.5666666666666667,
  "best_epoch": 13,
  "final_loss": 0.6821694739840247,
  "final_accuracy": 0.5466666666666666
}