{
  "train_losses": [
    0.6234317990866575,
    0.5445546846498143,
    0.5267658138817007,
    0.5200873843648217,
    0.5138926953077316,
    0.5087620351802219,
    0.504920638420365,
    0.5014118965376507,
    0.4990518932992762,
    0.4983654191548174,
    0.498119592666626,
    0.49774496866898105,
    0.49809052591974085,
    0.4976052411577918,
    0.4965245886282487
  ],
  "test_accuracies": [
    0.9266666666666666,
    0.9666666666666667,
    0.97,
    0.9733333333333334,
    0.9766666666666667,
    0.98,
    0.9766666666666667,
    0.97,
    0.98,
    0.98,
    0.98,
    0.9666666666666667,
    0.98,
    0.9766666666666667,
    0.9666666666666667
  ],
  "best_accuracy": 0.98,
  "best_epoch": 6,
  "final_loss": 0.4965245886282487,
  "final_accuracy": 0.9666666666666667
}