{
  "train_losses": [
    0.1947964240839197,
    0.08300416449889202,
    0.08425638656692834,
    0.04846345998124558,
    0.07446260430680757,
    0.038773703994758595,
    0.053154220095496967,
    0.03617316741491033,
    0.0328530547584788,
    0.020060429082315586,
    0.015131676953883883,
    0.015516952840367925,
    0.014518875683692882,
    0.02146956510312686,
    0.01648224303260742
  ],
  "test_accuracies": [
    0.9633333333333334,
    0.9733333333333334,
    0.9866666666666667,
    0.9766666666666667,
    0.9766666666666667,
    0.98,
    0.98,
    0.9833333333333333,
    0.9933333333333333,
    0.99,
    0.99,
    0.9933333333333333,
    0.9833333333333333,
    0.99,
    0.9933333333333333
  ],
  "best_accuracy": 0.9933333333333333,
  "best_epoch": 9,
  "final_loss": 0.01648224303260742,
  "final_accuracy": 0.9933333333333333
}