{
  "train_losses": [
    0.2291712959115764,
    0.03959366956802445,
    0.010487235373478721,
    0.014481944995581713,
    0.018789239389661816,
    0.00874965846146965,
    0.0036925603488436372,
    0.004368645220365993,
    0.00816142757089851,
    0.002510367696314378,
    0.0013827595139032796,
    0.001431030254025245,
    0.0018193293120599594,
    0.000618468741136398,
    0.00036574684304468974
  ],
  "test_accuracies": [
    0.9833333333333333,
    0.9933333333333333,
    0.9933333333333333,
    0.9866666666666667,
    0.99,
    0.99,
    0.9933333333333333,
    0.9866666666666667,
    0.99,
    0.99,
    0.99,
    0.9933333333333333,
    0.9933333333333333,
    0.9933333333333333,
    0.9933333333333333
  ],
  "best_accuracy": 0.9933333333333333,
  "best_epoch": 2,
  "final_loss": 0.00036574684304468974,
  "final_accuracy": 0.9933333333333333
}