{
  "train_losses": [
    0.0991915441462135,
    0.03181663830235431,
    0.013532334255862886,
    0.011557850857570884,
    0.013265786810775766,
    0.0303142983349186,
    0.017527072487031215,
    0.016558675153708628,
    0.010596454263288086,
    0.002588162521533377,
    0.0008101025350490752,
    0.0005876795423980432,
    0.0002690145889077526,
    0.00023599511948966457,
    0.0003974881269641628
  ],
  "test_accuracies": [
    0.99,
    0.99,
    0.99,
    0.9933333333333333,
    0.9933333333333333,
    0.9866666666666667,
    0.9933333333333333,
    0.9833333333333333,
    0.9933333333333333,
    0.9933333333333333,
    0.9933333333333333,
    0.9933333333333333,
    0.9933333333333333,
    0.9933333333333333,
    0.9933333333333333
  ],
  "best_accuracy": 0.9933333333333333,
  "best_epoch": 4,
  "final_loss": 0.0003974881269641628,
  "final_accuracy": 0.9933333333333333
}