{
  "train_losses": [
    0.18755730481775987,
    0.03423667492593681,
    0.05349607803509571,
    0.032869313667767776,
    0.006979398666689204,
    0.0016370976048123835,
    0.001414506995512387,
    0.0005264799233063142,
    0.00030840110194028307,
    0.00027111273940053337,
    0.00026839643309854597,
    0.00032831700022225874,
    0.00021099237036733857,
    0.000205732508732126,
    0.0003564217377577899
  ],
  "test_accuracies": [
    0.9833333333333333,
    0.98,
    0.9966666666666667,
    0.9933333333333333,
    1.0,
    1.0,
    1.0,
    1.0,
    1.0,
    1.0,
    1.0,
    1.0,
    1.0,
    1.0,
    1.0
  ],
  "best_accuracy": 1.0,
  "best_epoch": 5,
  "final_loss": 0.0003564217377577899,
  "final_accuracy": 1.0
}