model,class_a,class_b,trial,seed,accuracy,precision,recall,f1score,duration_seconds
ClassicalCNN,0,6,1,102,0.9866666666666667,0.9866666666666667,0.9866666666666667,0.9866666666666667,1.932764
