model,class_a,class_b,trial,seed,accuracy,precision,recall,f1score,duration_seconds
ClassicalCNN,2,6,1,302,0.9933333333333333,0.9933333333333333,0.9933333333333333,0.9933333333333333,1.9358
