{
    "num_trials": 1,
    "accuracy": [
        0.9533333333333334
    ],
    "precision": [
        0.9546264931360313
    ],
    "recall": [
        0.9533333333333334
    ],
    "f1score": [
        0.9533001245330013
    ],
    "accuracy_mean": 0.9533333333333334,
    "accuracy_std": 0.0,
    "precision_mean": 0.9546264931360313,
    "recall_mean": 0.9533333333333334,
    "f1score_mean": 0.9533001245330013
}