model,class_a,class_b,trial,seed,accuracy,precision,recall,f1score,duration_seconds
QuantumCNN,5,9,1,1632,0.9533333333333334,0.9546264931360313,0.9533333333333334,0.9533001245330013,32.955544
