{
  "train_losses": [
    6.198929204182192,
    0.704604372382164,
    0.6964711384339766,
    0.6936695074493234,
    0.6935987906022505,
    0.693337538025596,
    0.6958987387743863,
    0.6941727941686456,
    0.6935929723761298,
    0.6936348622495477,
    0.6942298805171793,
    0.6936552470380609,
    0.6947589665651321,
    0.6934933526949449,
    0.6945954087105665,
    0.696765352379192,
    0.6990041868253187,
    0.6939519223841754,
    0.6938651718876578,
    0.6935259997844696,
    0.6934004656293176,
    0.6934949213808234,
    0.693902699784799,
    0.693336312066425,
    0.6937078603289344,
    0.6935695775530555,
    0.6942075490951538,
    0.6932560002261942,
    0.693358525633812,
    0.6932355842807076,
    0.6933602473952554,
    0.6931917355819182,
    0.6933645362203772,
    0.6933050873604688,
    0.6931580305099487,
    0.6932874565774744,
    0.693171963095665,
    0.6932357915423133,
    0.6932241821830923,
    0.6932225091890856,
    0.6931849365884607,
    0.6932078193534504,
    0.6931782202287153,
    0.6931665783578699,
    0.6931780590252443,
    0.6931740682233464,
    0.6931574127890847,
    0.6931597617539492,
    0.693182345141064,
    0.693154135888273,
    0.6931759132580324,
    0.6931453211741014,
    0.6931721364909952,
    0.6931473450227217,
    0.6931722407991235,
    0.693166820840402,
    0.6931646791371432,
    0.693181801926006,
    0.6931530155918815,
    0.693164118311622,
    0.693141604011709,
    0.6931816366585818,
    0.693123457106677,
    0.6931497305631638,
    0.6931542198766362,
    0.6931581876494668,
    0.6931479708714918,
    0.6931571757251566,
    0.6931484341621399,
    0.6931553401730277,
    0.693144987929951,
    0.6931342333555222,
    0.6931486360051415,
    0.6931432404301383,
    0.6931431550871242,
    0.6931526024233211,
    0.6931416405872866,
    0.6931502250107852,
    0.693125688216903,
    0.693149055946957,
    0.693154894492843,
    0.6931434991684827,
    0.6931440193544735,
    0.6931302899664099,
    0.6931314739313993,
    0.6931451098485426,
    0.6931439394300635,
    0.6931401138955896,
    0.6931493783538992,
    0.6931499093770981,
    0.6931440518660978,
    0.6931579885157672,
    0.6931505812840029,
    0.6931507763537493,
    0.6931056867946278,
    0.6931491047143936,
    0.6931418695233085,
    0.6931451545520262,
    0.6931683136658235,
    0.6931419372558594
  ],
  "test_accuracies": [
    49.0,
    50.0,
    50.0,
    50.0,
    50.0,
    50.0,
    50.0,
    50.333333333333336,
    50.0,
    50.0,
    50.0,
    50.0,
    50.0,
    50.0,
    50.0,
    50.0,
    50.0,
    50.0,
    50.0,
    50.0,
    50.0,
    50.0,
    50.0,
    50.0,
    50.0,
    50.0,
    50.0,
    50.0,
    50.0,
    50.0,
    50.0,
    50.0,
    50.0,
    50.0,
    50.0,
    50.0,
    50.0,
    50.0,
    50.0,
    50.0,
    50.0,
    50.0,
    50.0,
    50.0,
    50.0,
    50.0,
    50.0,
    50.0,
    50.0,
    50.0,
    50.0,
    50.0,
    50.0,
    50.0,
    50.0,
    50.0,
    50.0,
    50.0,
    50.0,
    50.0,
    50.0,
    50.0,
    50.0,
    50.0,
    50.0,
    50.0,
    50.0,
    50.0,
    50.0,
    50.0,
    50.0,
    50.0,
    50.0,
    50.0,
    50.0,
    50.0,
    50.0,
    50.0,
    50.0,
    50.0,
    50.0,
    50.0,
    50.0,
    50.0,
    50.0,
    50.0,
    50.0,
    50.0,
    50.0,
    50.0,
    50.0,
    50.0,
    50.0,
    50.0,
    50.0,
    50.0,
    50.0,
    50.0,
    50.0,
    50.0
  ],
  "best_accuracy": 50.333333333333336,
  "best_epoch": 8,
  "final_loss": 0.6931419372558594,
  "final_accuracy": 50.0
}