{
  "train_losses": [
    0.6185021143067967,
    0.5433441400527954,
    0.5192595462907444,
    0.5102453712712635,
    0.5039336972615935,
    0.498859124427492,
    0.49520483071153815,
    0.4926823784004558,
    0.4911343123425137,
    0.49044778604399075,
    0.48971963267434726,
    0.4896660792556676,
    0.4892846718430519,
    0.48918642713264987,
    0.4887401834130287
  ],
  "test_accuracies": [
    0.94,
    0.9366666666666666,
    0.93,
    0.9366666666666666,
    0.94,
    0.9366666666666666,
    0.9366666666666666,
    0.95,
    0.9433333333333334,
    0.9466666666666667,
    0.9433333333333334,
    0.9433333333333334,
    0.95,
    0.9533333333333334,
    0.9466666666666667
  ],
  "best_accuracy": 0.9533333333333334,
  "best_epoch": 14,
  "final_loss": 0.4887401834130287,
  "final_accuracy": 0.9466666666666667
}