model,class_a,class_b,trial,seed,accuracy,precision,recall,f1score,duration_seconds
QuantumNN,3,4,1,1382,0.9866666666666667,0.9866666666666667,0.9866666666666667,0.9866666666666667,34.989621
