{
  "train_losses": [
    0.694274672053077,
    0.6869243004105308,
    0.6836762265725569,
    0.6820350045507605,
    0.680932798168876,
    0.6804019199176268,
    0.6817938861521807,
    0.6795340830629523,
    0.6773120002313093,
    0.6770493984222412,
    0.6749894646081057,
    0.6757460995153948,
    0.6740483140403574,
    0.6727303821932186,
    0.6729858775030483
  ],
  "test_accuracies": [
    0.5433333333333333,
    0.57,
    0.5833333333333334,
    0.5633333333333334,
    0.5566666666666666,
    0.56,
    0.5533333333333333,
    0.56,
    0.5533333333333333,
    0.55,
    0.56,
    0.5533333333333333,
    0.56,
    0.55,
    0.5566666666666666
  ],
  "best_accuracy": 0.5833333333333334,
  "best_epoch": 3,
  "final_loss": 0.6729858775030483,
  "final_accuracy": 0.5566666666666666
}