{
  "train_losses": [
    0.5913294391198591,
    0.527709614824165,
    0.506100935692137,
    0.49331627786159515,
    0.483131158080968,
    0.4776152406226505,
    0.4738031422550028,
    0.47208641130815854,
    0.46925910155881534,
    0.469487228854136,
    0.4683697000145912,
    0.4660607197067954,
    0.46547551385381003,
    0.4611306461420926,
    0.45683356103571976
  ],
  "test_accuracies": [
    0.8166666666666667,
    0.8666666666666667,
    0.87,
    0.88,
    0.87,
    0.87,
    0.8733333333333333,
    0.8933333333333333,
    0.8833333333333333,
    0.8766666666666667,
    0.8933333333333333,
    0.88,
    0.8666666666666667,
    0.88,
    0.8833333333333333
  ],
  "best_accuracy": 0.8933333333333333,
  "best_epoch": 8,
  "final_loss": 0.45683356103571976,
  "final_accuracy": 0.8833333333333333
}