{
  "train_losses": [
    0.16127870057773014,
    0.07051758747547865,
    0.0818090615238444,
    0.0647666228284255,
    0.03917369298340583,
    0.06008492400922643,
    0.04121122997391715,
    0.03098768939592198,
    0.04792560480564134,
    0.054832361719242974,
    0.030536901555024087,
    0.03135454912262503,
    0.02032257287282846,
    0.02064785646408299,
    0.02081650407688523
  ],
  "test_accuracies": [
    0.9666666666666667,
    0.9733333333333334,
    0.98,
    0.9833333333333333,
    0.9866666666666667,
    0.99,
    0.99,
    0.9833333333333333,
    0.9866666666666667,
    0.9933333333333333,
    0.99,
    0.9933333333333333,
    0.9866666666666667,
    0.9866666666666667,
    0.99
  ],
  "best_accuracy": 0.9933333333333333,
  "best_epoch": 10,
  "final_loss": 0.02081650407688523,
  "final_accuracy": 0.99
}