{
  "train_losses": [
    0.6073706420985135,
    0.5621176456863229,
    0.5521700869907032,
    0.5472831428050995,
    0.54313140836629,
    0.5384232076731595,
    0.5363513583486731,
    0.5356022119522095,
    0.5336658107963476,
    0.533474091779102,
    0.5315994241020896,
    0.529948887499896,
    0.5286513810808008,
    0.5260756124149669,
    0.523301706395366
  ],
  "test_accuracies": [
    0.8633333333333333,
    0.9066666666666666,
    0.9066666666666666,
    0.92,
    0.9233333333333333,
    0.94,
    0.94,
    0.93,
    0.9333333333333333,
    0.9466666666666667,
    0.9366666666666666,
    0.9566666666666667,
    0.9566666666666667,
    0.96,
    0.9566666666666667
  ],
  "best_accuracy": 0.96,
  "best_epoch": 14,
  "final_loss": 0.523301706395366,
  "final_accuracy": 0.9566666666666667
}