{
  "train_losses": [
    0.2089869417091408,
    0.04950930235843936,
    0.0369755998888815,
    0.03193589666393977,
    0.019209366736256263,
    0.025471573440551187,
    0.009840567775096464,
    0.0020039909950872407,
    0.0007880331544459874,
    0.0032845157053212793,
    0.03953052890363489,
    0.021112103687797076,
    0.015304579129385522,
    0.004903845761708164,
    0.0006530759248603731
  ],
  "test_accuracies": [
    0.9866666666666667,
    0.9966666666666667,
    0.99,
    1.0,
    0.9933333333333333,
    0.9933333333333333,
    1.0,
    1.0,
    1.0,
    0.9966666666666667,
    0.9966666666666667,
    0.9966666666666667,
    0.9966666666666667,
    1.0,
    1.0
  ],
  "best_accuracy": 1.0,
  "best_epoch": 4,
  "final_loss": 0.0006530759248603731,
  "final_accuracy": 1.0
}