{
  "train_losses": [
    7.15790681405501,
    0.7028567574240945,
    0.6993562226945703,
    0.6944180821830576,
    0.6931932622736151,
    0.6936611614444039,
    0.6934333741664886,
    0.694341706958684,
    0.6940988437695936,
    0.6974498467011885,
    0.6933655752377077,
    0.693375907161019,
    0.6933508095416155,
    0.6935538798570633,
    0.6943373124707829,
    0.6939111175862226,
    0.6934854076667265,
    0.6932510327209126,
    0.6932893287051808,
    0.693359143354676,
    0.6933423632925207,
    0.6932038136503913,
    0.6931769780137322,
    0.6931857791813937,
    0.6932384642687711,
    0.69322208924727,
    0.6931802874261682,
    0.69321278414943,
    0.6932492527094755,
    0.6931906044483185,
    0.6932113089344718,
    0.6931638677011837,
    0.6931625509803946,
    0.6932586688886989,
    0.6931916610761122,
    0.693155976859006,
    0.6931363195180893,
    0.6931749297813936,
    0.6931305256756869,
    0.6931740871884606,
    0.6931389759887349,
    0.6931624385443601,
    0.6931785236705433,
    0.6931880590590563,
    0.6931445706974376,
    0.6931229938160289,
    0.6932675337249582,
    0.6931554011323235,
    0.6931597603992983,
    0.6931142942471937,
    0.6931484463539991,
    0.6931666718287901,
    0.6931677189740267,
    0.6931502426212485,
    0.6931574859402396,
    0.6931763589382172,
    0.6931393146514893,
    0.693139683116566,
    0.6931165375492789,
    0.6931884302334352,
    0.6931295652281154,
    0.6931461028077386,
    0.6931629262187264,
    0.6931674168868498,
    0.6931815892457962,
    0.6931030560623516,
    0.6931977813894098,
    0.6931986903602426,
    0.6931597143411636,
    0.6931699988516894,
    0.6931365741924806,
    0.6931578720157797,
    0.693143745714968,
    0.6931771459904584,
    0.6931344230066646,
    0.6931484111330726,
    0.6931382688609037,
    0.6931380006400022,
    0.6931508373130452,
    0.6931511800397526,
    0.6931619969281283,
    0.6931410635059531,
    0.6931328976696188,
    0.693192639134147,
    0.6931375305760991,
    0.6931417408314619,
    0.6931329721754248,
    0.6931363791227341,
    0.6931252357634631,
    0.6931634545326233,
    0.6931429532441226,
    0.693154367533597,
    0.6931363330645994,
    0.6931333365765485,
    0.6931415484710173,
    0.6931495517492294,
    0.6931327188556845,
    0.6931430534882979,
    0.6931548606265675,
    0.6931366419250314
  ],
  "test_accuracies": [
    50.0,
    50.0,
    50.0,
    50.0,
    50.0,
    50.0,
    50.0,
    50.0,
    50.0,
    50.0,
    50.0,
    50.0,
    50.0,
    50.0,
    50.0,
    50.0,
    50.0,
    50.0,
    50.0,
    50.0,
    50.0,
    50.0,
    50.0,
    50.0,
    50.0,
    50.0,
    50.0,
    50.0,
    50.0,
    50.0,
    50.0,
    50.0,
    50.0,
    50.0,
    50.0,
    50.0,
    50.0,
    50.0,
    50.0,
    50.0,
    50.0,
    50.0,
    50.0,
    50.0,
    50.0,
    50.0,
    50.0,
    50.0,
    50.0,
    50.0,
    50.0,
    50.0,
    50.0,
    50.0,
    50.0,
    50.0,
    50.0,
    50.0,
    50.0,
    50.0,
    50.0,
    50.0,
    50.0,
    50.0,
    50.0,
    50.0,
    50.0,
    50.0,
    50.0,
    50.0,
    50.0,
    50.0,
    50.0,
    50.0,
    50.0,
    50.0,
    50.0,
    50.0,
    50.0,
    50.0,
    50.0,
    50.0,
    50.0,
    50.0,
    50.0,
    50.0,
    50.0,
    50.0,
    50.0,
    50.0,
    50.0,
    50.0,
    50.0,
    50.0,
    50.0,
    50.0,
    50.0,
    50.0,
    50.0,
    50.0
  ],
  "best_accuracy": 50.0,
  "best_epoch": 1,
  "final_loss": 0.6931366419250314,
  "final_accuracy": 50.0
}