{
  "train_losses": [
    2.2594021355563942,
    0.6948234642093832,
    0.6956672654910521,
    0.6922560442577709,
    0.6913685974749652,
    0.6915528882633556,
    0.687132640318437,
    0.685606452551755,
    0.6815970932895487,
    0.6893234117464586
  ],
  "test_accuracies": [
    0.5,
    0.5433333333333333,
    0.53,
    0.5266666666666666,
    0.5166666666666667,
    0.5,
    0.5433333333333333,
    0.58,
    0.56,
    0.5033333333333333
  ],
  "best_accuracy": 0.58,
  "best_epoch": 8,
  "final_loss": 0.6893234117464586,
  "final_accuracy": 0.5033333333333333
}