{
  "train_losses": [
    0.19785105710087175,
    0.083605930918235,
    0.0603724053838629,
    0.043832200911393476,
    0.048339780388315295,
    0.07761090363915586,
    0.03646019151148556,
    0.030871974463066595,
    0.030751769184214274,
    0.0579307508808349,
    0.03792195603719764,
    0.031678705162035345,
    0.020868842630244962,
    0.021097398810359828,
    0.01966608819516709
  ],
  "test_accuracies": [
    0.98,
    0.9833333333333333,
    0.9866666666666667,
    0.9833333333333333,
    0.98,
    0.9933333333333333,
    0.98,
    0.99,
    0.99,
    0.9833333333333333,
    0.99,
    0.9866666666666667,
    0.9933333333333333,
    0.99,
    0.99
  ],
  "best_accuracy": 0.9933333333333333,
  "best_epoch": 6,
  "final_loss": 0.01966608819516709,
  "final_accuracy": 0.99
}