{
  "train_losses": [
    0.5642863904887979,
    0.462272701615637,
    0.41822234812107956,
    0.394128370014104,
    0.3831955221566287,
    0.3760972517457875,
    0.372770448977297,
    0.37019766731695697,
    0.3686289685693654,
    0.3663883006030863,
    0.3653339147567749,
    0.36465436626564374,
    0.36356723511760886,
    0.3631096583875743,
    0.36239123886281793
  ],
  "test_accuracies": [
    0.9566666666666667,
    0.9866666666666667,
    0.99,
    0.99,
    0.99,
    0.9933333333333333,
    0.9933333333333333,
    0.99,
    0.9933333333333333,
    0.99,
    0.99,
    0.99,
    0.9833333333333333,
    0.9866666666666667,
    0.99
  ],
  "best_accuracy": 0.9933333333333333,
  "best_epoch": 6,
  "final_loss": 0.36239123886281793,
  "final_accuracy": 0.99
}