{
  "train_losses": [
    0.593041064387018,
    0.46990545703606174,
    0.4179210723801093,
    0.3824146064844998,
    0.3640010891990228,
    0.35579155453226785,
    0.3518441387198188,
    0.35030546513470734,
    0.3497578820044344,
    0.34966385093602265,
    0.34984383528882806,
    0.34825082936070184,
    0.3483117920431224,
    0.349083811044693,
    0.3473981686613776
  ],
  "test_accuracies": [
    0.8866666666666667,
    0.9366666666666666,
    0.93,
    0.94,
    0.9266666666666666,
    0.95,
    0.9533333333333334,
    0.9566666666666667,
    0.9466666666666667,
    0.9533333333333334,
    0.95,
    0.9533333333333334,
    0.9533333333333334,
    0.95,
    0.9533333333333334
  ],
  "best_accuracy": 0.9566666666666667,
  "best_epoch": 8,
  "final_loss": 0.3473981686613776,
  "final_accuracy": 0.9533333333333334
}