{
  "train_losses": [
    0.59790093654936,
    0.5337465134533969,
    0.5191241726279259,
    0.5141281817447055,
    0.5119822946461764,
    0.5104026929898695,
    0.5091524964029138,
    0.5061183219606226,
    0.5027247707952153,
    0.4995205226269635,
    0.49710400131615723,
    0.496016878973354,
    0.495490968904712,
    0.4957814338532361,
    0.49508674849163403
  ],
  "test_accuracies": [
    0.9466666666666667,
    0.9766666666666667,
    0.98,
    0.9833333333333333,
    0.9866666666666667,
    0.9866666666666667,
    0.9866666666666667,
    0.9866666666666667,
    0.99,
    0.9966666666666667,
    0.9966666666666667,
    0.9966666666666667,
    0.9966666666666667,
    0.9933333333333333,
    0.9966666666666667
  ],
  "best_accuracy": 0.9966666666666667,
  "best_epoch": 10,
  "final_loss": 0.49508674849163403,
  "final_accuracy": 0.9966666666666667
}