{
  "train_losses": [
    0.5698245398022912,
    0.4921645163135095,
    0.474333026192405,
    0.46699177812446246,
    0.46410542591051623,
    0.46132187816229736,
    0.4586176479404623,
    0.45552997291088104,
    0.4514997879212553,
    0.4459476403214715,
    0.44198562001640146,
    0.4321115321733735,
    0.42017972333864734,
    0.41543015160343866,
    0.41468024998903275
  ],
  "test_accuracies": [
    0.9966666666666667,
    0.9933333333333333,
    0.9966666666666667,
    1.0,
    0.9966666666666667,
    0.9933333333333333,
    0.99,
    0.99,
    0.9866666666666667,
    0.9866666666666667,
    0.9866666666666667,
    0.9966666666666667,
    1.0,
    1.0,
    1.0
  ],
  "best_accuracy": 1.0,
  "best_epoch": 4,
  "final_loss": 0.41468024998903275,
  "final_accuracy": 1.0
}