{
  "train_losses": [
    0.6647389043461193,
    0.5399738997220993,
    0.4718769890340892,
    0.4343948411670598,
    0.41624395617029886,
    0.40570488707585767,
    0.395294073630463,
    0.3859027624130249,
    0.38080027767203073,
    0.37872749634764413,
    0.3774728280576793,
    0.37642640485004947,
    0.3744463114575906,
    0.3742755800485611,
    0.3726274946873838
  ],
  "test_accuracies": [
    0.8466666666666667,
    0.9466666666666667,
    0.9466666666666667,
    0.9633333333333334,
    0.96,
    0.9566666666666667,
    0.96,
    0.9733333333333334,
    0.9533333333333334,
    0.97,
    0.9633333333333334,
    0.9666666666666667,
    0.97,
    0.97,
    0.9666666666666667
  ],
  "best_accuracy": 0.9733333333333334,
  "best_epoch": 8,
  "final_loss": 0.3726274946873838,
  "final_accuracy": 0.9666666666666667
}