{
  "train_losses": [
    0.6321940923278982,
    0.5676241178404201,
    0.5317462669177488,
    0.5054869028654966,
    0.49281777306036517,
    0.4867290420965715,
    0.48461690274151886,
    0.48199460113590414,
    0.4786668948151849,
    0.47557726434685965,
    0.47118616645986383,
    0.4685813242738897,
    0.4658732095902616,
    0.4645982865582813,
    0.46067879823121155
  ],
  "test_accuracies": [
    0.8133333333333334,
    0.9133333333333333,
    0.9433333333333334,
    0.9366666666666666,
    0.93,
    0.9366666666666666,
    0.94,
    0.9433333333333334,
    0.9366666666666666,
    0.9333333333333333,
    0.94,
    0.94,
    0.9333333333333333,
    0.94,
    0.9366666666666666
  ],
  "best_accuracy": 0.9433333333333334,
  "best_epoch": 3,
  "final_loss": 0.46067879823121155,
  "final_accuracy": 0.9366666666666666
}