{
    "num_trials": 1,
    "accuracy": [
        0.8833333333333333
    ],
    "precision": [
        0.8862343826966995
    ],
    "recall": [
        0.8833333333333333
    ],
    "f1score": [
        0.8831138471129121
    ],
    "accuracy_mean": 0.8833333333333333,
    "accuracy_std": 0.0,
    "precision_mean": 0.8862343826966995,
    "recall_mean": 0.8833333333333333,
    "f1score_mean": 0.8831138471129121
}