{
  "train_losses": [
    0.5979186838323419,
    0.5448822568763386,
    0.5285980877551165,
    0.5208519297567281,
    0.5180678699504245,
    0.5146899521350861,
    0.5121159512888301,
    0.5099849992177703,
    0.5091496827927503,
    0.507480273192579,
    0.5066206529736519,
    0.5059035711667754,
    0.5052880448373881,
    0.5052784633907405,
    0.5042999081990935
  ],
  "test_accuracies": [
    0.9766666666666667,
    0.99,
    0.98,
    0.9833333333333333,
    0.97,
    0.9666666666666667,
    0.98,
    0.9666666666666667,
    0.9733333333333334,
    0.9833333333333333,
    0.9666666666666667,
    0.98,
    0.9833333333333333,
    0.9833333333333333,
    0.98
  ],
  "best_accuracy": 0.99,
  "best_epoch": 2,
  "final_loss": 0.5042999081990935,
  "final_accuracy": 0.98
}