model,class_a,class_b,trial,seed,accuracy,precision,recall,f1score,duration_seconds
QuantumCNN,0,2,1,1062,0.9666666666666667,0.96741452991453,0.9666666666666667,0.9666533279978657,32.882607
