model,class_a,class_b,trial,seed,accuracy,precision,recall,f1score,duration_seconds
QuantumNN,3,5,1,1392,0.9133333333333333,0.9151785714285715,0.9133333333333333,0.9132369299221356,35.218437
