{
  "train_losses": [
    0.644125376235355,
    0.5478488342328505,
    0.524029403924942,
    0.5087939087640155,
    0.4976359416138042,
    0.49225524812936783,
    0.4900391244075515,
    0.48768722875551745,
    0.48630296371199866,
    0.4849263781850988,
    0.4845779931003397,
    0.48434079032052646,
    0.4834613644263961,
    0.4826095280322162,
    0.48273237862370233
  ],
  "test_accuracies": [
    0.9066666666666666,
    0.9233333333333333,
    0.9366666666666666,
    0.94,
    0.9533333333333334,
    0.95,
    0.9566666666666667,
    0.9566666666666667,
    0.9566666666666667,
    0.9566666666666667,
    0.9566666666666667,
    0.96,
    0.96,
    0.96,
    0.9566666666666667
  ],
  "best_accuracy": 0.96,
  "best_epoch": 12,
  "final_loss": 0.48273237862370233,
  "final_accuracy": 0.9566666666666667
}