{
    "num_trials": 1,
    "accuracy": [
        0.9966666666666667
    ],
    "precision": [
        0.9966887417218542
    ],
    "recall": [
        0.9966666666666667
    ],
    "f1score": [
        0.996666629629218
    ],
    "accuracy_mean": 0.9966666666666667,
    "accuracy_std": 0.0,
    "precision_mean": 0.9966887417218542,
    "recall_mean": 0.9966666666666667,
    "f1score_mean": 0.996666629629218
}