{
  "train_losses": [
    0.608470072800463,
    0.5154588852416385,
    0.48521252924745734,
    0.4736360656944188,
    0.46811323883858597,
    0.4633508582006801,
    0.458528456362811,
    0.4563814462585883,
    0.45357188853350555,
    0.4533105675469745,
    0.4522500627420165,
    0.4521997462619435,
    0.4510191868651997,
    0.45088598741726443,
    0.4511627351695841
  ],
  "test_accuracies": [
    0.9466666666666667,
    0.9666666666666667,
    0.96,
    0.9633333333333334,
    0.9633333333333334,
    0.9666666666666667,
    0.9666666666666667,
    0.9733333333333334,
    0.9633333333333334,
    0.9666666666666667,
    0.96,
    0.9666666666666667,
    0.96,
    0.9533333333333334,
    0.9666666666666667
  ],
  "best_accuracy": 0.9733333333333334,
  "best_epoch": 8,
  "final_loss": 0.4511627351695841,
  "final_accuracy": 0.9666666666666667
}