{
  "train_losses": [
    0.4990587810223753,
    0.4500646916302768,
    0.4453452012755654,
    0.44208012047139084,
    0.4363265945152803,
    0.42929627001285553,
    0.42357526448639954,
    0.4189244718714194,
    0.4172548475590619,
    0.4142453088001771,
    0.4118954593485052,
    0.4101572104475715,
    0.40889429368756036,
    0.4088469317013567,
    0.4085063941099427
  ],
  "test_accuracies": [
    0.9933333333333333,
    0.9933333333333333,
    0.9933333333333333,
    0.9966666666666667,
    0.9966666666666667,
    1.0,
    1.0,
    1.0,
    1.0,
    1.0,
    1.0,
    1.0,
    1.0,
    1.0,
    1.0
  ],
  "best_accuracy": 1.0,
  "best_epoch": 6,
  "final_loss": 0.4085063941099427,
  "final_accuracy": 1.0
}