{
  "train_losses": [
    0.63547344641252,
    0.5756339647553184,
    0.5645697184584357,
    0.5590903609991074,
    0.555057787082412,
    0.551627210595391,
    0.5485294054855,
    0.5452236627990549,
    0.5420087481086905,
    0.5391419584100897,
    0.5384576930241152,
    0.5375182411887429,
    0.536975921554999,
    0.5359353572130203,
    0.5356975956396623
  ],
  "test_accuracies": [
    0.9,
    0.9,
    0.9266666666666666,
    0.9333333333333333,
    0.9333333333333333,
    0.94,
    0.9033333333333333,
    0.9033333333333333,
    0.93,
    0.9366666666666666,
    0.9466666666666667,
    0.93,
    0.93,
    0.91,
    0.92
  ],
  "best_accuracy": 0.9466666666666667,
  "best_epoch": 11,
  "final_loss": 0.5356975956396623,
  "final_accuracy": 0.92
}