{
  "train_losses": [
    0.7150978933681141,
    0.693458994681185,
    0.6898787468671799,
    0.6890532211823897,
    0.6876489547165957,
    0.6881622590801932,
    0.6859238784421574,
    0.6843073571270163,
    0.6837813217531551,
    0.6826485314152457,
    0.6820959001779556,
    0.681649614464153,
    0.6811228949915279,
    0.680335745215416,
    0.6803832094777714
  ],
  "test_accuracies": [
    0.55,
    0.5866666666666667,
    0.5733333333333334,
    0.5366666666666666,
    0.5166666666666667,
    0.5333333333333333,
    0.5666666666666667,
    0.5166666666666667,
    0.5233333333333333,
    0.5566666666666666,
    0.5833333333333334,
    0.5666666666666667,
    0.5666666666666667,
    0.5766666666666667,
    0.5733333333333334
  ],
  "best_accuracy": 0.5866666666666667,
  "best_epoch": 2,
  "final_loss": 0.6803832094777714,
  "final_accuracy": 0.5733333333333334
}