{
  "train_losses": [
    0.8762152587825601,
    0.6947423084215685,
    0.6898431845686652,
    0.6854651136831804,
    0.6902449442581697,
    0.6947489800778303,
    0.6931772028858011,
    0.6910685761408373,
    0.6904489668932828,
    0.6889556456695903,
    0.6848298636349764,
    0.6825709532607686,
    0.6750216592441906,
    0.6703685806556181,
    0.682310090823607
  ],
  "test_accuracies": [
    0.5,
    0.57,
    0.5,
    0.58,
    0.5,
    0.5,
    0.55,
    0.55,
    0.5533333333333333,
    0.56,
    0.5533333333333333,
    0.5233333333333333,
    0.5566666666666666,
    0.5233333333333333,
    0.5433333333333333
  ],
  "best_accuracy": 0.58,
  "best_epoch": 4,
  "final_loss": 0.682310090823607,
  "final_accuracy": 0.5433333333333333
}