{
  "train_losses": [
    0.6434048292311755,
    0.6097991114312952,
    0.5991572493856604,
    0.5941317311742089,
    0.5920040620998903,
    0.5882923399860208,
    0.5870137133381583,
    0.5845234163782813,
    0.5837913087823174,
    0.5829958983443,
    0.582243338227272,
    0.5823315747759559,
    0.5818464241244576,
    0.5819290348074653,
    0.5818843028762124
  ],
  "test_accuracies": [
    0.89,
    0.9166666666666666,
    0.91,
    0.9066666666666666,
    0.92,
    0.9066666666666666,
    0.91,
    0.8966666666666666,
    0.9,
    0.9,
    0.9,
    0.91,
    0.8966666666666666,
    0.8866666666666667,
    0.9066666666666666
  ],
  "best_accuracy": 0.92,
  "best_epoch": 5,
  "final_loss": 0.5818843028762124,
  "final_accuracy": 0.9066666666666666
}