{
  "train_losses": [
    0.6160686449571089,
    0.5592950934713538,
    0.5471981140700254,
    0.5413986376740716,
    0.5368301177566702,
    0.5321806845339861,
    0.52859343317422,
    0.5230416188185866,
    0.5160161785104058,
    0.5123833790421486,
    0.511364063078707,
    0.5107493258335374,
    0.5097328675064173,
    0.5090172135017135,
    0.5083113156936385
  ],
  "test_accuracies": [
    0.9433333333333334,
    0.9433333333333334,
    0.9533333333333334,
    0.9566666666666667,
    0.9533333333333334,
    0.9533333333333334,
    0.9666666666666667,
    0.9733333333333334,
    0.9666666666666667,
    0.9733333333333334,
    0.99,
    0.9766666666666667,
    0.9733333333333334,
    0.9866666666666667,
    0.9866666666666667
  ],
  "best_accuracy": 0.99,
  "best_epoch": 11,
  "final_loss": 0.5083113156936385,
  "final_accuracy": 0.9866666666666667
}