{
  "train_losses": [
    0.2043146636040712,
    0.07981078219811687,
    0.0689713094722141,
    0.07151353859808296,
    0.03937128741976763,
    0.03794509136985818,
    0.028677736948752267,
    0.031393165766282684,
    0.03860590344877644,
    0.03700058500081385,
    0.0238963865743823,
    0.011926320608009437,
    0.00752588031669306,
    0.006185607261696449,
    0.0032159440654802233
  ],
  "test_accuracies": [
    0.9566666666666667,
    0.9766666666666667,
    0.9566666666666667,
    0.98,
    0.9833333333333333,
    0.98,
    0.98,
    0.98,
    0.9833333333333333,
    0.98,
    0.9833333333333333,
    0.98,
    0.9833333333333333,
    0.9833333333333333,
    0.9833333333333333
  ],
  "best_accuracy": 0.9833333333333333,
  "best_epoch": 5,
  "final_loss": 0.0032159440654802233,
  "final_accuracy": 0.9833333333333333
}