{
    "num_trials": 1,
    "accuracy": [
        0.97
    ],
    "precision": [
        0.9716981132075472
    ],
    "recall": [
        0.97
    ],
    "f1score": [
        0.9699729756781104
    ],
    "accuracy_mean": 0.97,
    "accuracy_std": 0.0,
    "precision_mean": 0.9716981132075472,
    "recall_mean": 0.97,
    "f1score_mean": 0.9699729756781104
}