{
  "train_losses": [
    0.09674124118861403,
    0.03776592040958349,
    0.026662044845331613,
    0.010628608013286628,
    0.03797835776442133,
    0.02362570469920849,
    0.008406975728286687,
    0.012747854296073703,
    0.007621806058688724,
    0.006141332191129384,
    0.005006015215837,
    0.01569123766262237,
    0.02432199180409291,
    0.007817594597492478,
    0.006973726373034465
  ],
  "test_accuracies": [
    0.9933333333333333,
    0.9866666666666667,
    0.9866666666666667,
    0.99,
    0.9633333333333334,
    0.99,
    0.99,
    0.99,
    0.99,
    0.99,
    0.99,
    0.99,
    0.99,
    0.9866666666666667,
    0.9966666666666667
  ],
  "best_accuracy": 0.9966666666666667,
  "best_epoch": 15,
  "final_loss": 0.006973726373034465,
  "final_accuracy": 0.9966666666666667
}