{
  "train_losses": [
    0.5640837854959748,
    0.4582823359153487,
    0.43027435039932077,
    0.4068507680838758,
    0.38694369522008026,
    0.37725652009248734,
    0.3743747892704877,
    0.36859229003841226,
    0.36426237293265085,
    0.3619623082605275,
    0.3589363260702653,
    0.3583549599755894,
    0.35265322639183566,
    0.35039177536964417,
    0.3471891981634227
  ],
  "test_accuracies": [
    0.91,
    0.9466666666666667,
    0.9366666666666666,
    0.94,
    0.9366666666666666,
    0.9233333333333333,
    0.9366666666666666,
    0.9333333333333333,
    0.94,
    0.9366666666666666,
    0.9333333333333333,
    0.9433333333333334,
    0.9466666666666667,
    0.9466666666666667,
    0.95
  ],
  "best_accuracy": 0.95,
  "best_epoch": 15,
  "final_loss": 0.3471891981634227,
  "final_accuracy": 0.95
}