{
    "num_trials": 1,
    "accuracy": [
        0.9433333333333334
    ],
    "precision": [
        0.9435107376283846
    ],
    "recall": [
        0.9433333333333334
    ],
    "f1score": [
        0.9433276660999433
    ],
    "accuracy_mean": 0.9433333333333334,
    "accuracy_std": 0.0,
    "precision_mean": 0.9435107376283846,
    "recall_mean": 0.9433333333333334,
    "f1score_mean": 0.9433276660999433
}