model,class_a,class_b,trial,seed,accuracy,precision,recall,f1score,duration_seconds
QuantumNN,5,6,1,1602,0.9433333333333334,0.9435107376283846,0.9433333333333334,0.9433276660999433,35.129512
