num_trials,accuracy_mean,accuracy_std,precision_mean,recall_mean,f1score_mean
1,0.9933333333333333,0.0,0.9934210526315788,0.9933333333333333,0.9933330370238677
2,0.9966666666666666,0.003333333333333355,0.9967105263157894,0.9966666666666666,0.9966665185119339
3,0.9966666666666666,0.0027216552697591043,0.9967032647844777,0.9966666666666666,0.9966665555510286
4,0.9966666666666666,0.0023570226039551735,0.9966996340188219,0.9966666666666666,0.9966665740705759
5,0.9973333333333333,0.0024944382578493043,0.9973597072150575,0.9973333333333333,0.9973332592564607
