{
  "train_losses": [
    0.6939066499471664,
    0.6918695189736106,
    0.6894002597440373,
    0.6882934692231092,
    0.6879435615106062,
    0.6866436709057201,
    0.6858365169980309,
    0.6855805245312777,
    0.6851869320327585,
    0.68440742790699
  ],
  "test_accuracies": [
    0.5066666666666667,
    0.5266666666666666,
    0.5433333333333333,
    0.5266666666666666,
    0.54,
    0.5333333333333333,
    0.5633333333333334,
    0.5566666666666666,
    0.5533333333333333,
    0.55
  ],
  "best_accuracy": 0.5633333333333334,
  "best_epoch": 7,
  "final_loss": 0.68440742790699,
  "final_accuracy": 0.55
}