{
  "train_losses": [
    0.5308943458578803,
    0.4626737968488173,
    0.4405090747909112,
    0.43095076964660123,
    0.4269964146343144,
    0.4246835004199635,
    0.423863910138607,
    0.42270527441393246,
    0.42242642966183747,
    0.42221947623924777,
    0.42094936831430957,
    0.4199203740466725,
    0.41891439259052277,
    0.4165482778440822,
    0.4147118987007575
  ],
  "test_accuracies": [
    0.9933333333333333,
    0.9933333333333333,
    0.9966666666666667,
    0.9966666666666667,
    0.9966666666666667,
    0.9966666666666667,
    0.9966666666666667,
    0.9966666666666667,
    0.9966666666666667,
    0.9966666666666667,
    0.9966666666666667,
    0.9966666666666667,
    0.9966666666666667,
    0.9966666666666667,
    0.9966666666666667
  ],
  "best_accuracy": 0.9966666666666667,
  "best_epoch": 3,
  "final_loss": 0.4147118987007575,
  "final_accuracy": 0.9966666666666667
}