{
  "train_losses": [
    0.7066665901379152,
    0.6972284696318887,
    0.6938774287700653,
    0.6909704032269391,
    0.6886508735743436,
    0.6862145865505392,
    0.68530112369494,
    0.6842294484376907,
    0.6827737892215903,
    0.6826452111656015,
    0.6812287122011185,
    0.6819063492796638,
    0.6819685562090441,
    0.679749380458485,
    0.6789914924990047
  ],
  "test_accuracies": [
    0.5,
    0.5266666666666666,
    0.5133333333333333,
    0.5333333333333333,
    0.5466666666666666,
    0.5533333333333333,
    0.5566666666666666,
    0.5733333333333334,
    0.56,
    0.56,
    0.5433333333333333,
    0.5566666666666666,
    0.5666666666666667,
    0.5533333333333333,
    0.5533333333333333
  ],
  "best_accuracy": 0.5733333333333334,
  "best_epoch": 8,
  "final_loss": 0.6789914924990047,
  "final_accuracy": 0.5533333333333333
}