{
  "train_losses": [
    0.6071826896884225,
    0.5276786183769052,
    0.4798415188084949,
    0.450030232695016,
    0.4341443330049515,
    0.42459247599948535,
    0.41710014709017496,
    0.41018026254393836,
    0.406594802710143,
    0.40249423547224566,
    0.40114141594279895,
    0.3994469703598456,
    0.3973722058263692,
    0.39651535180481995,
    0.3950541391968727
  ],
  "test_accuracies": [
    0.8333333333333334,
    0.8533333333333334,
    0.8833333333333333,
    0.9066666666666666,
    0.9133333333333333,
    0.9,
    0.92,
    0.92,
    0.9233333333333333,
    0.93,
    0.9266666666666666,
    0.9233333333333333,
    0.92,
    0.9233333333333333,
    0.9266666666666666
  ],
  "best_accuracy": 0.93,
  "best_epoch": 10,
  "final_loss": 0.3950541391968727,
  "final_accuracy": 0.9266666666666666
}