{
  "train_losses": [
    0.2447085643017834,
    0.09938543719049035,
    0.05621181600674225,
    0.042632965834028175,
    0.02827728125372563,
    0.02825694838644598,
    0.01908781129366782,
    0.03341910714136082,
    0.051841163370144466,
    0.02621253295828038,
    0.01765683261328377,
    0.018414401187328622,
    0.01611083594285777,
    0.007279916912507774,
    0.009190085371962843
  ],
  "test_accuracies": [
    0.95,
    0.98,
    0.9833333333333333,
    0.9733333333333334,
    0.9833333333333333,
    0.98,
    0.98,
    0.9833333333333333,
    0.9733333333333334,
    0.98,
    0.99,
    0.9666666666666667,
    0.98,
    0.9833333333333333,
    0.98
  ],
  "best_accuracy": 0.99,
  "best_epoch": 11,
  "final_loss": 0.009190085371962843,
  "final_accuracy": 0.98
}