{
  "train_losses": [
    0.6119916052980856,
    0.4962516874074936,
    0.46968514878641476,
    0.4584657861427827,
    0.4480380178852515,
    0.4403584213419394,
    0.43217386440797284,
    0.4253394583409483,
    0.42018717391924426,
    0.41631658442995767,
    0.41187275472012436,
    0.40941341695460404,
    0.4048586812886325,
    0.3994527106935328,
    0.3942466466264291
  ],
  "test_accuracies": [
    0.9433333333333334,
    0.97,
    0.9666666666666667,
    0.9733333333333334,
    0.9566666666666667,
    0.9533333333333334,
    0.95,
    0.95,
    0.9533333333333334,
    0.9533333333333334,
    0.95,
    0.9466666666666667,
    0.9666666666666667,
    0.95,
    0.9566666666666667
  ],
  "best_accuracy": 0.9733333333333334,
  "best_epoch": 4,
  "final_loss": 0.3942466466264291,
  "final_accuracy": 0.9566666666666667
}