model,class_a,class_b,trial,seed,accuracy,precision,recall,f1score,duration_seconds
ClassicalCNN,0,4,1,82,0.9966666666666667,0.9966887417218542,0.9966666666666667,0.996666629629218,1.968719
