{
  "train_losses": [
    0.3968446965922009,
    0.3066292249343612,
    0.2808695669201287,
    0.2614454511891712,
    0.24270819093693385,
    0.226158316839825,
    0.21515801142562518,
    0.20894829387014563,
    0.20330688865347343,
    0.198096788065,
    0.19517190720547328,
    0.19352090189402754,
    0.19230375642126257,
    0.19042695957151326,
    0.18934511122378436
  ],
  "test_accuracies": [
    1.0,
    1.0,
    1.0,
    1.0,
    1.0,
    0.9966666666666667,
    0.9966666666666667,
    0.9966666666666667,
    0.9966666666666667,
    0.9966666666666667,
    1.0,
    1.0,
    1.0,
    1.0,
    1.0
  ],
  "best_accuracy": 1.0,
  "best_epoch": 1,
  "final_loss": 0.18934511122378436,
  "final_accuracy": 1.0
}