{
    "num_trials": 5,
    "accuracy": [
        0.5666666666666667,
        0.55,
        0.5566666666666666,
        0.5666666666666667,
        0.5433333333333333
    ],
    "precision": [
        0.576593137254902,
        0.5516742455560149,
        0.5662303256973664,
        0.5735871271585558,
        0.5437710437710439
    ],
    "recall": [
        0.5666666666666667,
        0.55,
        0.5566666666666666,
        0.5666666666666667,
        0.5433333333333333
    ],
    "f1score": [
        0.5521565385145377,
        0.5463252343986289,
        0.5400629387557492,
        0.5562332165126759,
        0.5421888053467001
    ],
    "accuracy_mean": 0.5566666666666668,
    "accuracy_std": 0.009189365834726801,
    "precision_mean": 0.5623711758875766,
    "recall_mean": 0.5566666666666668,
    "f1score_mean": 0.5473933467056584
}