{
  "train_losses": [
    0.24633914611132984,
    0.1011904093796726,
    0.07549531169934198,
    0.06625713858838109,
    0.0642377140598414,
    0.04890303222716532,
    0.04375138625354422,
    0.03458806359611282,
    0.05890495497310026,
    0.044960651869504625,
    0.0421735999724743,
    0.03539446456654167,
    0.021215826301406858,
    0.04345034478319576,
    0.034369439436307984
  ],
  "test_accuracies": [
    0.97,
    0.98,
    0.9733333333333334,
    0.9766666666666667,
    0.9766666666666667,
    0.9833333333333333,
    0.9866666666666667,
    0.98,
    0.9866666666666667,
    0.9933333333333333,
    0.9766666666666667,
    0.9866666666666667,
    0.9833333333333333,
    0.9866666666666667,
    0.99
  ],
  "best_accuracy": 0.9933333333333333,
  "best_epoch": 10,
  "final_loss": 0.034369439436307984,
  "final_accuracy": 0.99
}