{
  "train_losses": [
    0.05837954269584549,
    0.011633111641198492,
    0.0002115539099934752,
    9.493849956975321e-06,
    1.7974865657673217e-05,
    4.187713460259499e-05,
    1.716038656440766e-05,
    8.06794631584234e-05,
    8.359081348562437e-05,
    3.0015802350453153e-05,
    2.756449978846831e-05,
    3.364272898858706e-05,
    4.929315025880111e-05,
    4.407255745646084e-05,
    4.69011885800538e-05
  ],
  "test_accuracies": [
    1.0,
    1.0,
    1.0,
    1.0,
    1.0,
    1.0,
    1.0,
    1.0,
    1.0,
    1.0,
    1.0,
    1.0,
    1.0,
    1.0,
    1.0
  ],
  "best_accuracy": 1.0,
  "best_epoch": 1,
  "final_loss": 4.69011885800538e-05,
  "final_accuracy": 1.0
}