{
  "train_losses": [
    0.6957285878333178,
    0.6900660653005947,
    0.6868311613798141,
    0.6852590875192122,
    0.6832357021895322,
    0.6828803555531935,
    0.6802862015637484,
    0.6806006783788855,
    0.6808117871934717,
    0.6793330067938025,
    0.6783189665187489,
    0.6814276440577074,
    0.6794201162728396,
    0.677031777121804,
    0.6773695132949136
  ],
  "test_accuracies": [
    0.5033333333333333,
    0.5366666666666666,
    0.58,
    0.59,
    0.52,
    0.5933333333333334,
    0.6033333333333334,
    0.5933333333333334,
    0.5966666666666667,
    0.5833333333333334,
    0.58,
    0.5633333333333334,
    0.57,
    0.55,
    0.5833333333333334
  ],
  "best_accuracy": 0.6033333333333334,
  "best_epoch": 7,
  "final_loss": 0.6773695132949136,
  "final_accuracy": 0.5833333333333334
}