{
  "train_losses": [
    0.5537528517571363,
    0.4339542510834607,
    0.3720108053900979,
    0.35417457873171027,
    0.33930021118034015,
    0.3208310001275756,
    0.3094835765659809,
    0.3010059673000466,
    0.29424790428443387,
    0.29214066842740233,
    0.2901566038754853,
    0.28901069137183105,
    0.28769127144054935,
    0.2860633341426199,
    0.2856362194500186
  ],
  "test_accuracies": [
    0.9333333333333333,
    0.9466666666666667,
    0.9333333333333333,
    0.94,
    0.9433333333333334,
    0.9433333333333334,
    0.9433333333333334,
    0.95,
    0.9466666666666667,
    0.9466666666666667,
    0.9466666666666667,
    0.9566666666666667,
    0.9466666666666667,
    0.9533333333333334,
    0.9533333333333334
  ],
  "best_accuracy": 0.9566666666666667,
  "best_epoch": 12,
  "final_loss": 0.2856362194500186,
  "final_accuracy": 0.9533333333333334
}