{
  "train_losses": [
    0.3149507378482006,
    0.09906398140909997,
    0.05849517896686765,
    0.05307158492293886,
    0.04375413388003257,
    0.03166472268640064,
    0.02702836694284501,
    0.020942282100970096,
    0.018424496543378733,
    0.035493872633775354,
    0.01409100485034287,
    0.009528584606827777,
    0.030465849845065597,
    0.01926874007354358,
    0.012299226984230865
  ],
  "test_accuracies": [
    0.97,
    0.99,
    0.9933333333333333,
    0.97,
    0.9933333333333333,
    0.99,
    0.9733333333333334,
    0.9933333333333333,
    0.9866666666666667,
    0.99,
    1.0,
    0.97,
    0.9833333333333333,
    0.98,
    0.9933333333333333
  ],
  "best_accuracy": 1.0,
  "best_epoch": 11,
  "final_loss": 0.012299226984230865,
  "final_accuracy": 0.9933333333333333
}