{
  "train_losses": [
    0.15740941820166138,
    0.012191749463123746,
    0.004664677612543694,
    0.0004582002393052872,
    0.00012512158286881458,
    9.613268857513255e-05,
    9.409035637666172e-05,
    9.976968789260354e-05,
    0.0001190142587781586,
    0.0001355017520939906,
    0.00011076042096647143,
    0.00016804007798431155,
    0.00018529669935932444,
    0.00013654268735246495,
    0.00012107981937829622
  ],
  "test_accuracies": [
    0.9966666666666667,
    0.9966666666666667,
    1.0,
    1.0,
    1.0,
    1.0,
    1.0,
    1.0,
    1.0,
    1.0,
    1.0,
    1.0,
    1.0,
    1.0,
    1.0
  ],
  "best_accuracy": 1.0,
  "best_epoch": 3,
  "final_loss": 0.00012107981937829622,
  "final_accuracy": 1.0
}